,Dataset,Repeat,Fold,Target,Region,R,P-value,rs_par_loading,s_myelin_loading,s_gmv_loading,s_cs_loading,s_ct_loading
0,HCP-D,9,8,friendship,0,0.04655940871381435,0.7640917537422823,[0.27308658],[0.56197752],[0.38258876],[0.69968373],[-0.35990349]
1,HCP-D,9,8,friendship,1,-0.0978465253117764,0.5274687671076547,[-0.56098163],[0.5679385],[-0.44326115],[-0.05939684],[-0.58725906]
2,HCP-D,9,8,friendship,2,-0.250100106399619,0.10155620756404135,[0.60508583],[-0.38599155],[0.29622186],[0.72117187],[0.12996312]
3,HCP-D,9,8,friendship,3,-0.44970601699028134,0.002194383636525618,[0.43573183],[-0.36966846],[0.61861399],[0.45247718],[0.45549688]
4,HCP-D,9,8,friendship,4,-0.023208192729518712,0.8811323411916487,[-0.42400836],[-0.47652238],[0.10153399],[0.11927987],[0.76188595]
5,HCP-D,9,8,friendship,5,0.19840489617526214,0.19668260034149557,[0.85891278],[0.01536508],[0.16772337],[-0.40746651],[-0.45343394]
6,HCP-D,9,8,friendship,6,0.02984631431816138,0.8474905094275034,[0.027239],[0.33231547],[0.69454542],[0.20185191],[-0.64781299]
7,HCP-D,9,8,friendship,7,0.21015097227281063,0.1709369726530402,[-0.82949626],[-0.03673157],[0.59981002],[-0.38819308],[0.01997163]
8,HCP-D,9,8,friendship,8,-0.11444022471064112,0.45948667720666897,[0.38311652],[0.5660613],[0.81448823],[0.43409596],[0.24198103]
9,HCP-D,9,8,friendship,9,-0.17129468373801465,0.2662363620543955,[-0.4744121],[0.01165111],[0.6595992],[0.57293203],[0.23733541]
10,HCP-D,9,8,friendship,10,0.012570134961619944,0.9354550163162247,[-0.4858363],[0.26967443],[0.33392219],[0.3124682],[0.72585318]
11,HCP-D,9,8,friendship,11,-0.07510476927972085,0.6280083865777482,[0.04520434],[0.65763208],[-0.26050327],[0.55544345],[0.57972195]
12,HCP-D,9,8,friendship,12,0.03822392300190595,0.805419411610585,[0.46878834],[0.45707335],[0.83693728],[-0.24958344],[0.20556376]
13,HCP-D,9,8,friendship,13,-0.07040998656458893,0.6497094240191853,[0.66566654],[0.68264737],[-0.26823825],[0.26599911],[-0.22151852]
14,HCP-D,9,8,friendship,14,0.1767408695367954,0.25110130994988444,[0.32478609],[0.67105849],[0.71339699],[0.14502737],[0.04083959]
15,HCP-D,9,8,friendship,15,-0.03105771290956256,0.8413781691664364,[-0.62121022],[0.14660301],[0.2434565],[-0.129454],[0.7238094]
16,HCP-D,9,8,friendship,16,-0.1982392283102867,0.19706427022602852,[0.85015902],[0.00777679],[0.30925851],[-0.43613057],[-0.28807054]
17,HCP-D,9,8,friendship,17,0.06752723644127989,0.6631794190886334,[0.56838999],[0.21086439],[0.81470728],[0.39862443],[0.03906842]
18,HCP-D,9,8,friendship,18,0.43036895953876436,0.003545663930918137,[0.52523408],[-0.47183834],[0.8483968],[0.44711126],[-0.11133861]
19,HCP-D,9,8,friendship,19,0.06966059355288978,0.6532006708972289,[-0.7458318],[0.33025545],[0.58048601],[-0.24890065],[-0.35456219]
20,HCP-D,9,8,friendship,20,-0.10159096011083604,0.5117087562564263,[-0.33826786],[0.81933826],[-0.28312674],[-0.41103993],[-0.1138212]
21,HCP-D,9,8,friendship,21,-0.2201826318356326,0.15095297501804794,[-0.4078928],[0.43086019],[0.74764251],[0.43903493],[-0.12228905]
22,HCP-D,9,8,friendship,22,0.10375823671855194,0.5026963905686034,[-0.42188439],[0.43079965],[0.40206168],[-0.40767988],[-0.71722972]
23,HCP-D,9,8,friendship,23,0.3850231422604125,0.00985794756220667,[0.49470876],[0.33000162],[0.3505196],[0.14780408],[0.7166761]
24,HCP-D,9,8,friendship,24,0.13652704627183754,0.37686102429295054,[0.27664404],[0.89347687],[0.33845659],[-0.24698717],[-0.11026531]
25,HCP-D,9,8,friendship,25,0.12871339343491134,0.4050248522754798,[-0.49530198],[0.22832723],[0.50472652],[0.04821737],[0.72991022]
26,HCP-D,9,8,friendship,26,-0.0745154533275468,0.630715960275911,[-0.18583398],[0.97616471],[-0.11771059],[0.20299099],[-0.12445743]
27,HCP-D,9,8,friendship,27,0.23587513490215756,0.12321540278898825,[-0.52653408],[0.71247698],[-0.00503687],[0.0257922],[0.48896191]
28,HCP-D,9,8,friendship,28,0.1037906631220396,0.5025621660669328,[-0.24530533],[0.36770565],[-0.17217749],[0.11145722],[0.92387202]
29,HCP-D,9,8,friendship,29,-0.1258130226183648,0.4157796791522851,[0.71553148],[0.24022973],[0.28930797],[-0.07761705],[0.59426588]
30,HCP-D,9,8,friendship,30,0.09009698198644632,0.5608255293320166,[-0.24809926],[0.78326097],[-0.29052923],[-0.36770127],[0.42767957]
31,HCP-D,9,8,friendship,31,0.01670408003436353,0.9142971831734082,[-0.38673287],[0.53906719],[0.44322853],[0.18032945],[0.61835575]
32,HCP-D,9,8,friendship,32,-0.241972660423261,0.11354098327176838,[-0.40174877],[0.68335174],[0.63676745],[-0.01285435],[-0.262233]
33,HCP-D,9,8,friendship,33,0.3003267642993398,0.047615737938733096,[0.77067735],[0.42865239],[-0.43539992],[0.08328465],[0.37224516]
34,HCP-D,9,8,friendship,34,0.16041971123909535,0.2982348836544661,[-0.44288397],[0.41565259],[-0.384662],[0.23638862],[0.7532838]
35,HCP-D,9,8,friendship,35,0.14041963116667722,0.36327642563938545,[0.30746515],[0.66685573],[0.43528891],[0.2237142],[0.54842695]
36,HCP-D,9,8,friendship,36,0.1802795033947387,0.24158369116314038,[0.1961652],[0.65027929],[0.29297737],[-0.03132241],[0.71906858]
37,HCP-D,9,8,friendship,37,-0.019560720681633205,0.8997099343618147,[0.619624],[-0.09851332],[-0.5675777],[-0.31369583],[0.53585826]
38,HCP-D,9,8,friendship,38,0.010133672551546999,0.9479465544496859,[-0.47908769],[-0.36917765],[-0.4705241],[-0.15755576],[0.66140813]
39,HCP-D,9,8,friendship,39,-0.01855354960417859,0.9048495106913416,[-0.0517826],[-0.204665],[0.92515921],[0.33248442],[-0.38566957]
40,HCP-D,9,8,friendship,40,-0.21365528265882308,0.1637500998956404,[-0.28506867],[-0.02585073],[-0.3294202],[-0.3500847],[0.85213541]
41,HCP-D,9,8,friendship,41,0.11191856339031098,0.4695024149333546,[-0.28868802],[-0.13456204],[-0.39867197],[-0.10722866],[0.86045694]
42,HCP-D,9,8,friendship,42,0.23522638855182648,0.12428013425825793,[-0.56528331],[-0.45219105],[-0.15433183],[0.22901192],[0.67970709]
43,HCP-D,9,8,friendship,43,0.10595148511990246,0.493659075557458,[-0.22334231],[-0.59525361],[0.4511799],[0.14614107],[0.8506598]
44,HCP-D,9,8,friendship,44,-0.13211760024878766,0.392608593290653,[-0.71431815],[0.18805945],[0.34227326],[-0.1275417],[0.67144293]
45,HCP-D,9,8,friendship,45,-0.1464221759166125,0.34291623305052454,[0.70830813],[-0.06514632],[0.20569906],[0.38048208],[0.63914555]
46,HCP-D,9,8,friendship,46,-0.12095831497718071,0.4341401879042053,[0.25562923],[-0.59167427],[0.25422207],[0.44043309],[0.64949422]
47,HCP-D,9,8,friendship,47,-0.17531018814617413,0.2550199307222743,[-0.3323803],[-0.71058443],[0.57332227],[-0.30920192],[0.29025846]
48,HCP-D,9,8,friendship,48,-0.15860708975279483,0.30379928289959357,[0.85269851],[-0.36381388],[-0.12873576],[-0.21986374],[0.28110271]
49,HCP-D,9,8,friendship,49,0.021637736863832642,0.8891239750378465,[-0.37939328],[-0.48478536],[1.10531183],[0.3960199],[0.41738175]
50,HCP-D,9,8,friendship,50,0.06355360209056575,0.6819193144245238,[0.84905902],[0.12143549],[-0.14604824],[0.00937178],[0.51542383]
51,HCP-D,9,8,friendship,51,0.1541674764662997,0.317706902768521,[-0.06522101],[0.8557053],[-0.10404428],[-0.34282507],[-0.58306936]
52,HCP-D,9,8,friendship,52,0.1584043216034298,0.30442584865461025,[-0.36831231],[0.89358695],[0.06318921],[-0.32637536],[-0.23283934]
53,HCP-D,9,8,friendship,53,0.20536026052604367,0.1811265694530857,[-0.49947269],[-0.62701242],[-0.02110596],[0.66806667],[0.44032992]
54,HCP-D,9,8,friendship,54,-0.13387465321665482,0.38628806678500754,[0.5645218],[-0.36368227],[-0.15684292],[0.12115112],[0.74184469]
55,HCP-D,9,8,friendship,55,-0.1766620915843263,0.2513160224062959,[1.00252514],[-0.00971279],[-0.01946675],[-0.00965317],[0.06432615]
56,HCP-D,9,8,friendship,56,0.13957968708458868,0.3661824350152543,[0.37043245],[-0.15423772],[0.25839104],[0.92396311],[0.68810286]
57,HCP-D,9,8,friendship,57,0.011681987729904933,0.9400068562773244,[-0.25463608],[0.65833687],[0.33799163],[0.15684246],[0.61645021]
58,HCP-D,9,8,friendship,58,-0.044671336963770035,0.7734007719039312,[0.79585678],[0.5109244],[0.20800308],[-0.13653414],[-0.36545345]
59,HCP-D,9,8,friendship,59,0.24082934295374436,0.1153096059503329,[0.78100104],[-0.48580971],[-0.39684116],[-0.10679644],[0.02849526]
60,HCP-D,9,8,friendship,60,0.12903212082933646,0.40385284315176584,[-0.22172171],[0.59072701],[0.76708108],[-0.05849924],[0.42630517]
61,HCP-D,9,8,friendship,61,-0.09837922320591597,0.5252122214329656,[-0.14820968],[0.90628017],[0.34802356],[-0.28439048],[-0.37359795]
62,HCP-D,9,8,friendship,62,-0.004114180096010138,0.9788546850510098,[-0.26685434],[0.69154008],[0.68007355],[0.25765912],[0.113507]
63,HCP-D,9,8,friendship,63,0.06655123093209779,0.6677640770364739,[-0.38125825],[-0.04748441],[0.95282128],[-0.06162523],[-0.33756186]
64,HCP-D,9,8,friendship,64,-0.06969775817773517,0.6530273562427882,[0.84232914],[0.16731239],[0.54439085],[0.1358206],[0.06539227]
65,HCP-D,9,8,friendship,65,0.09270709923538051,0.5494815122547432,[0.20704864],[0.19514822],[-0.38677432],[-0.12064491],[1.02895717]
66,HCP-D,9,8,friendship,66,0.1058085516384699,0.49424547028907573,[0.34777219],[0.33259164],[0.16631561],[0.44180254],[0.8169196]
67,HCP-D,9,8,friendship,67,0.07975951363398719,0.6067940975781932,[0.73596746],[-0.02859142],[-0.28368532],[0.54684627],[0.54382747]
68,HCP-D,9,8,friendship,68,0.39160930244949993,0.008569306909893706,[0.53927026],[0.73998844],[0.34964462],[0.06120058],[-0.23222244]
69,HCP-D,9,8,friendship,69,0.07658260430557388,0.6212398187248058,[-0.46977003],[0.84732239],[0.0164854],[-0.49708899],[-0.15583089]
70,HCP-D,9,8,friendship,70,0.08682276674243979,0.575208410854246,[-0.33025448],[0.98194825],[-0.01970569],[-0.0179824],[-0.2026688]
71,HCP-D,9,8,friendship,71,0.11514465528876494,0.4567095199750059,[0.59809911],[0.63618994],[0.37490334],[-0.29930012],[0.2723054]
72,HCP-D,9,8,friendship,72,-0.08327664840746968,0.5909725097012573,[0.35886595],[0.41557734],[0.17218431],[0.09789423],[0.8469122]
73,HCP-D,9,8,friendship,73,0.25062145525415275,0.10082192796051931,[-0.11130447],[-0.00460266],[-0.21468585],[0.22976085],[0.96915165]
74,HCP-D,9,8,friendship,74,0.14153135689650492,0.3594515729384842,[0.91396979],[0.20373329],[0.01841984],[-0.17746066],[0.36426624]
75,HCP-D,9,8,friendship,75,-0.0038483512037835194,0.9802206649807624,[0.66797382],[-0.4224541],[0.34496776],[0.70261944],[0.21671931]
76,HCP-D,9,8,friendship,76,0.18719620876043727,0.2236943344079227,[0.43979712],[0.41627175],[0.07189889],[0.68844589],[0.59853457]
77,HCP-D,9,8,friendship,77,0.18549609179915236,0.2280043777575065,[0.38814199],[0.3360487],[0.79529463],[0.33713528],[0.24943403]
78,HCP-D,9,8,friendship,78,-0.29288278871843554,0.0536836970228232,[-0.43102465],[0.66273075],[0.40058648],[-0.52787728],[-0.12637056]
79,HCP-D,9,8,friendship,79,0.05290350068292136,0.7330594384789944,[0.70210743],[0.08456567],[0.53656251],[-0.02316586],[0.54536911]
80,HCP-D,9,8,friendship,80,-0.08237191471754746,0.5950248963682683,[-0.23888722],[0.22463079],[0.72049696],[0.64553085],[0.13308368]
81,HCP-D,9,8,friendship,81,-0.12805320352540636,0.40745869486601516,[-0.35783757],[-0.2392343],[0.23142297],[0.74801717],[0.57434415]
82,HCP-D,9,8,friendship,82,-0.01265854338913501,0.9350020235126044,[-0.52387824],[0.21375635],[-0.13390522],[-0.05586468],[0.81682198]
83,HCP-D,9,8,friendship,83,-0.010812191231978043,0.9444664794719938,[0.16923553],[-0.70571074],[0.56069688],[-0.24179864],[-0.40166813]
84,HCP-D,9,8,friendship,84,0.11496308791278911,0.45742446284712796,[0.31243775],[0.3470881],[0.5894728],[-0.42183598],[0.52562869]
85,HCP-D,9,8,friendship,85,-0.10778851018415504,0.48615461553905914,[-0.69444267],[0.34892101],[-0.52766728],[0.48512329],[0.07434494]
86,HCP-D,9,8,friendship,86,-0.30781795051080024,0.042082562025953396,[-0.31684971],[-0.119085],[0.19030901],[0.29441019],[0.88817176]
87,HCP-D,9,8,friendship,87,0.30183114821744356,0.04645968171154585,[-0.32080119],[-0.44414812],[0.86850876],[-0.07919141],[0.38444629]
88,HCP-D,9,8,friendship,88,-0.230871500767903,0.13160725417616126,[0.20425468],[0.53606044],[0.00978738],[-0.23466306],[0.80790927]
89,HCP-D,9,8,friendship,89,-0.062401201433059605,0.6873902862368368,[-0.38694958],[0.31861272],[0.76109435],[0.05086324],[0.68579781]
90,HCP-D,9,8,friendship,90,0.001783517960393305,0.9908325586114478,[-0.19385914],[0.19677746],[0.49689946],[0.3825879],[0.81609655]
91,HCP-D,9,8,friendship,91,0.03756694713723259,0.8087007160463074,[-0.13325884],[0.41679272],[0.93888099],[-0.15302676],[-0.06491944]
92,HCP-D,9,8,friendship,92,0.1583275970645198,0.3046631475595348,[-0.5423725],[0.68897704],[0.51729357],[-0.19415074],[-0.1273557]
93,HCP-D,9,8,friendship,93,-0.16676857999929168,0.2792656672572835,[-0.3097905],[0.56148588],[0.82637044],[0.07812337],[-0.26400076]
94,HCP-D,9,8,friendship,94,0.0751694191647708,0.6277116495346319,[-0.4775296],[-0.48262209],[-0.12001597],[0.46357921],[0.79017089]
95,HCP-D,9,8,friendship,95,0.1794490025761476,0.2437951342639289,[-0.34858706],[-0.20438841],[0.49317321],[0.31045213],[0.74439664]
96,HCP-D,9,8,friendship,96,0.07257447040467309,0.6396673633648142,[-0.41754273],[-0.41774117],[0.69586279],[0.42368102],[0.59790462]
97,HCP-D,9,8,friendship,97,0.050342013601716785,0.7455415986967571,[-0.40881562],[0.12116884],[0.5430155],[0.22583584],[0.73473807]
98,HCP-D,9,8,friendship,98,-0.12148148405601275,0.4321401323173173,[-0.55425292],[0.20166534],[0.81798194],[-0.14102067],[-0.2624225]
99,HCP-D,9,8,friendship,99,-0.15195862102856175,0.3247738127801894,[0.3281685],[-0.47424967],[0.44296549],[0.64943815],[-0.31729021]
100,HCP-D,9,8,friendship,100,0.011702587764439387,0.939901257160239,[-0.62126302],[0.31892494],[0.57219338],[-0.45590553],[-0.06742801]
101,HCP-D,9,8,friendship,101,0.19653922580599167,0.20101099848939893,[0.60043211],[0.38730656],[0.17200664],[-0.28185752],[-0.74229856]
102,HCP-D,9,8,friendship,102,0.14381023383567892,0.3516877638645634,[0.29841243],[-0.50544794],[-0.25076362],[0.39572428],[0.72380289]
103,HCP-D,9,8,friendship,103,0.12417105373555028,0.4219395707903726,[-0.4596549],[-0.5893714],[0.41157589],[0.33164073],[0.77389576]
104,HCP-D,9,8,friendship,104,0.05525632052145048,0.7216536667534201,[0.75856789],[0.34620761],[-0.46033667],[-0.3744505],[0.2136578]
105,HCP-D,9,8,friendship,105,0.11387820055879719,0.46170892917725914,[-0.04544561],[0.34090914],[0.95623243],[0.07572298],[0.05072484]
106,HCP-D,9,8,friendship,106,0.23049947651163794,0.13224783115434113,[0.82307548],[0.47966195],[0.39551375],[-0.07140366],[-0.28730807]
107,HCP-D,9,8,friendship,107,-0.028052173495613588,0.8565593506306199,[-0.37864624],[0.55603037],[-0.40030939],[-0.50599542],[0.45633561]
108,HCP-D,9,8,friendship,108,0.004934186006804363,0.9746414220023436,[0.30775092],[-0.54332572],[0.22032503],[1.06343499],[0.28014335]
109,HCP-D,9,8,friendship,109,0.12227636373043274,0.42911120492971166,[-0.59040302],[0.75113578],[-0.26018702],[-0.42921149],[0.17615045]
110,HCP-D,9,8,friendship,110,-0.09591075151730999,0.5357087552943849,[-0.38129803],[0.26456835],[0.73196506],[0.12152665],[0.8559814]
111,HCP-D,9,8,friendship,111,-0.17334122245781672,0.26047958568055996,[0.99327168],[-0.07068305],[0.07611622],[0.12888098],[0.09025618]
112,HCP-D,9,8,friendship,112,-0.16046803008345462,0.2980874577111783,[-0.49402428],[0.36147246],[0.88229468],[0.28432305],[0.15690995]
113,HCP-D,9,8,friendship,113,-0.04410231340966524,0.7762125442558818,[0.79436201],[0.07489138],[-0.60202763],[-0.00957699],[-0.14785746]
114,HCP-D,9,8,friendship,114,0.08222352530755456,0.595690711783067,[-0.422804],[0.65530708],[0.51885482],[0.31966262],[0.22249884]
115,HCP-D,9,8,friendship,115,0.3305205456340986,0.028429780605121274,[0.7636711],[0.62707009],[0.10864561],[-0.38064214],[-0.12547795]
116,HCP-D,9,8,friendship,116,0.031607471580044705,0.8386072724195,[-0.44533857],[0.61099745],[0.07168864],[-0.01650881],[0.65411165]
117,HCP-D,9,8,friendship,117,0.03444113658737226,0.8243562916622297,[-0.11958311],[0.43699356],[-0.02221395],[-0.23796485],[0.98770245]
118,HCP-D,9,8,friendship,118,-0.016094766379896357,0.9174123707511592,[-0.15012537],[-0.0278812],[0.02593232],[0.6244621],[1.01820621]
119,HCP-D,9,8,friendship,119,0.1706678821807373,0.2680162626890739,[0.95960591],[-0.40596127],[-0.12392133],[0.36446297],[0.15854491]
120,HCP-D,9,8,friendship,120,-0.012423008614697962,0.9362089163606535,[-0.63227878],[-0.00046469],[-0.27134818],[-0.2471112],[0.68766511]
121,HCP-D,9,8,friendship,121,-0.1817508414808311,0.23769933119361597,[-0.2591621],[-0.20400697],[0.56460831],[0.13683609],[0.94495573]
122,HCP-D,9,8,friendship,122,0.08823282126171407,0.5689937856915842,[0.39482414],[0.46455404],[-0.10417587],[0.11754814],[0.8291384]
123,HCP-D,9,8,friendship,123,0.13484767401610326,0.38281379796893045,[-0.77504695],[-0.30645305],[0.56425845],[-0.23077726],[-0.32515555]
124,HCP-D,9,8,friendship,124,-0.005505878102572716,0.9717044139772557,[0.86908361],[-0.21780171],[0.47044442],[0.17940753],[0.20341887]
125,HCP-D,9,8,friendship,125,0.08976340043479784,0.5622831671566005,[0.72046285],[0.32083363],[0.5169725],[-0.1993874],[-0.54582708]
126,HCP-D,9,8,friendship,126,0.028940626010640506,0.8520661342381585,[0.9304455],[-0.12881256],[0.02373049],[0.16761506],[0.33671186]
127,HCP-D,9,8,friendship,127,0.09272622541688819,0.549398790802747,[-0.44872763],[-0.34101902],[0.94311326],[0.44522567],[-0.37625329]
128,HCP-D,9,8,friendship,128,0.13940354177464967,0.3667936243266112,[-0.66310895],[-0.09533858],[0.79517409],[-0.27866346],[0.02882184]
129,HCP-D,9,8,friendship,129,-0.23030902586318755,0.13257666159320058,[0.80107147],[0.09987313],[-0.30245871],[0.03701037],[0.55725208]
130,HCP-D,9,8,friendship,130,-0.1221315702042464,0.42966205989859446,[-0.50449241],[0.27363893],[0.84206066],[0.03002872],[-0.1454444]
131,HCP-D,9,8,friendship,131,-0.09301351836469608,0.5481569506872018,[-0.25801826],[0.52505195],[0.79030044],[-0.13333279],[0.2347747]
132,HCP-D,9,8,friendship,132,-0.010008973358277745,0.9485862339442799,[-0.41214316],[-0.00256854],[0.68157806],[0.5243687],[-0.40887634]
133,HCP-D,9,8,friendship,133,0.06576050597940392,0.6714871954023582,[0.47188678],[-0.12317574],[-0.63238625],[-0.17929496],[0.5967966]
134,HCP-D,9,8,friendship,134,0.2108712215815358,0.16944156666587115,[0.6421849],[0.54091905],[-0.35849798],[-0.23523104],[0.44002671]
135,HCP-D,9,8,friendship,135,-0.04926299764955735,0.7508192012612236,[0.35268951],[0.07419618],[-0.39446183],[-0.31882345],[0.87906227]
136,HCP-D,9,8,friendship,136,0.017941155992626343,0.907976437107884,[-0.11847929],[-0.48650012],[0.78723217],[-0.21254988],[-0.53205291]
137,HCP-D,9,8,friendship,137,-0.06537686466441812,0.67329637553279,[-0.31508978],[0.27319059],[-0.61982874],[0.58619795],[0.39685195]
138,HCP-D,9,8,friendship,138,-0.12281568669709442,0.42706288056632347,[-0.39906542],[-0.42467124],[0.92326277],[0.46241628],[0.14632919]
139,HCP-D,9,8,friendship,139,-0.08676551574987998,0.5754613886683004,[0.8110456],[0.21286434],[0.43079462],[0.36014798],[0.21165363]
140,HCP-D,9,8,friendship,140,-0.19244806450672633,0.21073598435554053,[0.27792888],[0.78011737],[0.37703899],[0.18860306],[-0.37763837]
141,HCP-D,9,8,friendship,141,-0.21167238154011278,0.1677893044395541,[0.54874459],[-0.26753758],[-0.47382247],[0.48321366],[-0.53272102]
142,HCP-D,9,8,friendship,142,-0.04156575393232348,0.7887806394818595,[-0.42564867],[0.59168973],[0.48559464],[0.18217734],[0.48441165]
143,HCP-D,9,8,friendship,143,0.033235641496544226,0.8304123903516067,[-0.38302361],[-0.83872781],[0.02631188],[-0.46098193],[-0.72350809]
144,HCP-D,9,8,friendship,144,-0.0755668531814671,0.6258887396440111,[0.40248241],[0.5606065],[-0.06827534],[0.07199475],[0.72021575]
145,HCP-D,9,8,friendship,145,0.09763489881165247,0.5283665525247283,[0.65060831],[0.4569886],[0.58565407],[-0.07178555],[-0.21359603]
146,HCP-D,9,8,friendship,146,0.14416427324148254,0.3504908585599975,[-0.25443387],[-0.82012777],[0.79647282],[0.21134471],[0.28805475]
147,HCP-D,9,8,friendship,147,-0.02449076238715903,0.8746142903792374,[0.49747523],[0.74524845],[-0.10614352],[-0.15088404],[-0.46425344]
148,HCP-D,9,8,friendship,148,-0.009744409472413212,0.9499434938920056,[-0.45244859],[-0.46522187],[0.48755067],[-0.4301053],[-0.5549984]
149,HCP-D,9,8,friendship,149,-0.1454837794562063,0.34605195624308505,[-0.0071781],[0.03870966],[0.85646609],[0.52335502],[-0.32289078]
150,HCP-D,9,8,friendship,150,0.09365602327275704,0.54538453384618,[0.1793643],[0.30997898],[0.12109271],[0.04636165],[0.93201473]
151,HCP-D,9,8,friendship,151,0.006152251709896916,0.9683841849397818,[-0.03671255],[-0.23867635],[1.01517853],[-0.13207435],[0.0210164]
152,HCP-D,9,8,friendship,152,0.018847948296287963,0.9033467925285663,[0.64735211],[-0.52584842],[-0.05139804],[0.07617352],[0.55198539]
153,HCP-D,9,8,friendship,153,0.10167426091407848,0.5113608643748018,[-0.52174054],[-0.57495119],[0.05314598],[0.39098703],[0.54987885]
154,HCP-D,9,8,friendship,154,-0.14077035047695086,0.36206714712989596,[-0.4841998],[-0.61750453],[-0.29036856],[0.46499649],[0.33949913]
155,HCP-D,9,8,friendship,155,-0.15709754084048055,0.308483699954034,[0.16155402],[0.82471052],[0.2956627],[0.06867467],[-0.4506148]
156,HCP-D,9,8,friendship,156,-0.03828455591111585,0.8051167424707835,[0.80841845],[0.52113781],[-0.05784592],[-0.01773168],[0.31450779]
157,HCP-D,9,8,friendship,157,-0.0006216602490626624,0.9968045513442673,[0.80740398],[0.18908786],[0.0761559],[0.14906124],[0.5527602]
158,HCP-D,9,8,friendship,158,-0.07236722042407062,0.6406261801459394,[0.60516174],[0.19667331],[-0.62527972],[-0.51269524],[-0.0550686]
159,HCP-D,9,8,friendship,159,-0.03087904231166229,0.8422791152812756,[-0.45335889],[-0.08355416],[1.14630198],[0.15161925],[-0.09000757]
160,HCP-D,9,8,friendship,160,-0.07086325870618923,0.6476013213279785,[-0.27434285],[-0.0092109],[0.93868382],[0.26364831],[0.51120849]
161,HCP-D,9,8,friendship,161,-0.18225408525718365,0.23638057083623984,[0.08294112],[0.21203092],[-0.36396844],[0.21017686],[0.88794816]
162,HCP-D,9,8,friendship,162,-0.1658718922765233,0.28189570845675377,[0.85039835],[-0.44210624],[-0.41786501],[0.00897876],[0.2039247]
163,HCP-D,9,8,friendship,163,-0.044715691907120186,0.7731817162903305,[-0.65884683],[-0.49658387],[-0.19461412],[0.58549206],[0.2013914]
164,HCP-D,9,8,friendship,164,0.13246305635891656,0.3913611597028977,[0.45605038],[0.00588914],[0.51010478],[0.45312307],[0.61488707]
165,HCP-D,9,8,friendship,165,0.06804927007570936,0.6607322026180824,[-0.50905188],[-0.24002906],[0.24406653],[0.41563152],[0.72706606]
166,HCP-D,9,8,friendship,166,0.33315611924262795,0.02711595636299298,[0.22417795],[-0.03782787],[-0.13832682],[1.01553476],[-0.06767912]
167,HCP-D,9,8,friendship,167,0.10089273967420066,0.5146294309244535,[0.60691532],[6.39043551e-05],[-0.0231275],[0.71178262],[0.69910689]
168,HCP-D,9,8,friendship,168,0.25749297580470687,0.09152050619065269,[-0.27196704],[0.64069629],[-0.24367276],[-0.20240836],[0.72711921]
169,HCP-D,9,8,friendship,169,-0.10313051568854828,0.5052983472801793,[-0.38021143],[0.30139857],[0.0809041],[0.64578282],[0.77264237]
170,HCP-D,9,8,friendship,170,-0.011454456026655409,0.9411732879103096,[-0.53658352],[0.05912776],[0.66367083],[-0.46744779],[0.31672399]
171,HCP-D,9,8,friendship,171,-0.12024141115656913,0.43688923685455916,[0.65410819],[0.16311998],[0.92149412],[0.06531222],[0.22604478]
172,HCP-D,9,8,friendship,172,-0.06517689553073089,0.6742401159045257,[-0.47119358],[0.4994543],[0.34641727],[-0.30452156],[0.5663324]
173,HCP-D,9,8,friendship,173,-0.029618064840915493,0.8486431870722569,[0.20934176],[-0.82305588],[-0.17311827],[0.58571311],[-0.41090253]
174,HCP-D,9,8,friendship,174,0.1544088798595222,0.3169405014975155,[-0.43444272],[0.53980267],[0.61604755],[0.11556852],[0.41001173]
175,HCP-D,9,8,friendship,175,-0.07969266983558423,0.6070965486229579,[-0.75437003],[0.65248451],[-0.04037097],[0.1815187],[-0.23623034]
176,HCP-D,9,8,friendship,176,0.05496866006870488,0.7230450200402726,[-0.09254626],[0.1753851],[0.707735],[0.4805327],[0.6707792]
177,HCP-D,9,8,friendship,177,0.03236905345351422,0.8347719340807003,[0.59820838],[0.43915192],[0.23981225],[-0.22000971],[0.68168174]
178,HCP-D,9,8,friendship,178,0.043510901016917757,0.7791379469051726,[0.78401601],[-0.57694406],[-0.06327172],[0.15242842],[0.28016771]
179,HCP-D,9,8,friendship,179,-0.08166580419386549,0.5981960995480562,[0.5134793],[-0.48414944],[0.65717013],[0.16463916],[0.41658289]
180,HCP-D,9,8,friendship,180,0.03906925375562351,0.8012022187675772,[0.81577148],[0.57497675],[0.08707221],[0.11824146],[-0.11509335]
181,HCP-D,9,8,friendship,181,0.14270038482783431,0.3554559864728215,[-0.41900353],[0.576484],[0.66098684],[0.20787709],[0.19154599]
182,HCP-D,9,8,friendship,182,-0.17621924713527387,0.2525253098208706,[0.87093297],[0.38513059],[-0.15672859],[0.00707057],[-0.37987953]
183,HCP-D,9,8,friendship,183,-0.07362794539555655,0.6348025806164518,[0.02297538],[-0.25381793],[0.66540317],[-0.37739998],[0.67582962]
184,HCP-D,9,8,friendship,184,0.004070844437400013,0.9790773643196756,[0.39514407],[0.1860613],[0.76855131],[0.56931275],[0.20147625]
185,HCP-D,9,8,friendship,185,-0.029608467036278358,0.8486916635856573,[0.15899224],[0.90472227],[-0.22294278],[0.33058756],[0.41034273]
186,HCP-D,9,8,friendship,186,0.00647636605857781,0.966719501233026,[0.8613464],[-0.36802364],[0.10933824],[-0.29424359],[0.25383251]
187,HCP-D,9,8,friendship,187,0.00543546823608437,0.9720661180711501,[0.88606196],[-0.15831934],[0.51577289],[-0.29162992],[-0.12161212]
188,HCP-D,9,8,friendship,188,-0.1976162877623618,0.19850409262277746,[0.05475443],[0.73551215],[-0.1034668],[0.64134737],[-0.38003305]
189,HCP-D,9,8,friendship,189,0.054839225930814944,0.7236713540971702,[0.8648708],[-0.05520546],[0.09307268],[0.41760327],[-0.32277807]
190,HCP-D,9,8,friendship,190,0.04081337052107839,0.7925189026378567,[0.96908313],[0.27066668],[-0.14939646],[-0.02717161],[-0.0112992]
191,HCP-D,9,8,friendship,191,-0.15645390273990742,0.31049495406637595,[0.5448572],[-0.01424517],[0.14792543],[-0.09738894],[0.83996794]
192,HCP-D,9,8,friendship,192,0.00744212076789812,0.9617601445073283,[0.92962224],[0.06117053],[0.3575765],[-0.13021302],[-0.279343]
193,HCP-D,9,8,friendship,193,-0.08931600650876434,0.5642408904080669,[0.70675632],[-0.41593424],[-0.2737167],[0.45914499],[0.29766336]
194,HCP-D,9,8,friendship,194,-0.028407129570689298,0.8547636673884387,[-0.27489986],[-0.40844399],[1.05408758],[0.23710721],[0.16106173]
195,HCP-D,9,8,friendship,195,-0.12304130774125559,0.42620761393364237,[0.2164594],[-0.2242238],[0.82748375],[0.08170247],[-0.75903949]
196,HCP-D,9,8,friendship,196,0.11368674958322131,0.4624672477917201,[0.31972257],[-0.08372098],[0.03537518],[0.13694431],[1.01867851]
197,HCP-D,9,8,friendship,197,0.060028352710610605,0.6987048309559253,[-0.36604799],[0.09657357],[0.4652496],[-0.45842531],[-0.78230159]
198,HCP-D,9,8,friendship,198,0.2813494875551511,0.06429862515066793,[-0.37699293],[0.78436954],[0.0067663],[-0.22849106],[-0.52885546]
199,HCP-D,9,8,friendship,199,0.10084304648309733,0.5148376166673627,[-0.36602619],[0.24870037],[0.92837081],[0.29147759],[0.00109788]
200,HCP-D,9,8,friendship,200,0.1589613939997748,0.3027064448053352,[0.90649294],[0.02744922],[0.36767606],[-0.13299911],[0.3476563]
201,HCP-D,9,8,friendship,201,0.1777463779676827,0.24837159166983053,[0.41983364],[0.37876337],[0.5368116],[0.19945371],[0.74155347]
202,HCP-D,9,8,friendship,202,-0.18349111615269675,0.23316012737379516,[0.0434979],[-0.36066137],[0.33473296],[0.63819796],[0.76450736]
203,HCP-D,9,8,friendship,203,-0.20088171619655795,0.19103854431033146,[-0.64269875],[0.4447847],[0.62870978],[0.03156007],[-0.42536332]
204,HCP-D,9,8,friendship,204,-0.10364165408669826,0.503179118682748,[0.80738687],[0.45479298],[0.50784751],[-0.14699886],[-0.15764458]
205,HCP-D,9,8,friendship,205,-0.0993074651461813,0.5212915342696068,[-0.21244124],[0.76966142],[0.57173923],[-0.04972568],[0.27413473]
206,HCP-D,9,8,friendship,206,0.1644829056342821,0.28600155800278515,[0.67241955],[0.58154812],[0.17289061],[-0.1674492],[-0.45907305]
207,HCP-D,9,8,friendship,207,0.018571467337882175,0.9047580426124175,[-0.20343168],[0.69985432],[0.08725866],[-0.48574489],[-0.61950445]
208,HCP-D,9,8,friendship,208,0.10597866110425427,0.493547624781148,[0.42340812],[0.34187755],[0.65238275],[0.40304276],[0.41002605]
209,HCP-D,9,8,friendship,209,-0.09717917602853726,0.5303024136023864,[0.84862207],[0.51794659],[-0.04599806],[0.25541898],[-0.14554054]
210,HCP-D,9,8,friendship,210,-0.09891996037712245,0.5229265009285351,[0.54659048],[-0.13608541],[-0.57402075],[-0.50529272],[-0.45455781]
211,HCP-D,9,8,friendship,211,-0.024544926211416733,0.8743392057589369,[0.4496726],[-0.32423523],[0.6009719],[0.37948801],[0.56848669]
212,HCP-D,9,8,friendship,212,0.026683511652989957,0.8634898822187854,[-0.29384076],[0.61549486],[-0.46966835],[-0.55715549],[-0.30892561]
213,HCP-D,9,8,friendship,213,-0.036650479184436764,0.813283478709499,[-0.70259143],[0.44259992],[0.16339722],[0.62843412],[0.18597396]
214,HCP-D,9,8,friendship,214,-0.03937585509904385,0.7996740155279688,[0.68983439],[-0.05650514],[0.48833494],[0.62783108],[0.05943227]
215,HCP-D,9,8,friendship,215,-0.09505948405905448,0.539352009952476,[-0.634121],[-0.53616212],[0.25650139],[-0.03977161],[0.5325686]
216,HCP-D,9,8,friendship,216,0.18349448238721422,0.23315140495342118,[0.29415098],[-0.54999494],[0.50095278],[-0.26154754],[0.70056923]
217,HCP-D,9,8,friendship,217,-0.06722958958962907,0.664576297748686,[0.99492835],[-0.08330476],[-0.03388902],[0.07087836],[0.20861621]
218,HCP-D,9,8,friendship,218,0.053606120734696526,0.7296472638179073,[0.63695318],[-0.51668408],[-0.01406356],[0.21365643],[0.5847793]
219,HCP-D,9,8,friendship,219,-0.1380329516123063,0.3715702108521984,[-0.19264529],[-0.61864712],[-0.27273203],[0.45638856],[0.60307137]
220,HCP-D,9,8,friendship,220,-0.13370869129292065,0.3868824967149609,[0.14066348],[0.90919414],[0.31052258],[-0.04165926],[-0.23821396]
221,HCP-D,9,8,friendship,221,-0.04223314362373724,0.7854685884233916,[-0.29395887],[0.91603415],[0.26258269],[-0.34561364],[-0.05007645]
222,HCP-D,9,8,friendship,222,0.04728264463062422,0.7605344928590285,[-0.24538213],[0.56143221],[-0.12895274],[0.09818175],[0.81681525]
223,HCP-D,9,8,friendship,223,0.08332813527460232,0.5907422635738341,[-0.24764724],[0.69548278],[0.50217354],[-0.0292421],[-0.45889773]
224,HCP-D,9,8,friendship,224,-0.23164586707089463,0.1302813338585808,[0.69808842],[0.17549223],[0.35699627],[0.14626361],[0.64404546]
225,HCP-D,9,8,friendship,225,-0.20848893638569346,0.1744240514800012,[0.86187963],[0.31191868],[0.55332223],[-0.10574418],[0.12971506]
226,HCP-D,9,8,friendship,226,0.04716237012999867,0.7611257311557724,[0.20731465],[0.50301458],[-0.11229682],[-0.28875829],[0.79793125]
227,HCP-D,9,8,friendship,227,-0.10112480920189153,0.5136577523680983,[-0.305111],[-0.44512257],[0.52530918],[0.84944061],[-0.40903704]
228,HCP-D,9,8,friendship,228,-0.030924451826382197,0.8420501189898607,[0.36768227],[0.46508217],[-0.12790022],[-0.33326539],[0.73295906]
229,HCP-D,9,8,friendship,229,0.06105835677924586,0.6937853244623443,[-0.53255591],[-0.28562295],[0.74425899],[-0.37871818],[0.01475033]
230,HCP-D,9,8,friendship,230,0.2497810113001655,0.10200764853361746,[0.43711726],[0.28157909],[-0.05832031],[0.07666921],[0.86419193]
231,HCP-D,9,8,friendship,231,-0.3452716635642909,0.021708255379795198,[0.53815909],[0.30808023],[0.91103316],[-0.27630749],[0.02401376]
232,HCP-D,9,8,friendship,232,-0.021361872361367416,0.8905289213312025,[-0.1127141],[0.30468808],[0.75492482],[-0.50443743],[-0.33653384]
233,HCP-D,9,8,friendship,233,-0.1468630239999077,0.34144916780811163,[0.48131592],[0.20551272],[0.19960554],[0.92056974],[0.42918553]
234,HCP-D,9,8,friendship,234,0.09495828716289603,0.5397859065267516,[-0.47500671],[0.14423363],[0.28582136],[0.61668368],[-0.69998178]
235,HCP-D,9,8,friendship,235,0.05825433546507364,0.7072064539394893,[-0.44912858],[-0.14878472],[0.29258047],[0.72476831],[0.4649545]
236,HCP-D,9,8,friendship,236,0.12384014645450395,0.423187190569419,[-0.63392014],[0.38934871],[0.47453307],[-0.34769932],[0.41421298]
237,HCP-D,9,8,friendship,237,0.07309009770918184,0.6372843947749228,[-0.30600938],[-0.69678143],[-0.12205751],[0.76381236],[-0.36677392]
238,HCP-D,9,8,friendship,238,-0.05457451863795298,0.7249528323895315,[0.55068468],[0.28622332],[0.8380577],[-0.19120492],[0.07637272]
239,HCP-D,9,8,friendship,239,-0.2303419315280702,0.13251980339430433,[-0.38259944],[0.49428534],[0.76021392],[-0.08725023],[-0.17910001]
240,HCP-D,9,8,friendship,240,0.07025316923646607,0.6504393893992013,[-0.12483607],[0.20047818],[0.75963619],[-0.0123817],[-0.6826044]
241,HCP-D,9,8,friendship,241,-0.05337784855283201,0.7307552732460454,[0.00359218],[0.72029473],[0.39441855],[-0.15272052],[0.60460846]
242,HCP-D,9,8,friendship,242,-0.0067257024251647195,0.9654389794757252,[0.4606095],[0.71908239],[-0.51155208],[0.13801635],[-0.33282432]
243,HCP-D,9,8,friendship,243,0.09561767575166172,0.5369617112492873,[0.41812897],[0.70896106],[-0.12307537],[-0.29020257],[-0.51969876]
244,HCP-D,9,8,friendship,244,-0.16649656066733512,0.2800618120138745,[0.64403435],[0.77816822],[-0.49534738],[-0.07105055],[-0.35010011]
245,HCP-D,9,8,friendship,245,-0.08121682589923719,0.6002163369187871,[-0.33917843],[0.91128129],[-0.28077635],[0.0151477],[-0.37489338]
246,HCP-D,9,8,friendship,246,0.1279546875240093,0.4078226010286312,[0.60139119],[-0.39637353],[0.44986542],[-0.06405839],[0.62244728]
247,HCP-D,9,8,friendship,247,-0.07514829330568414,0.6278086089119754,[-0.45082914],[0.50858079],[0.7296449],[-0.25720943],[-0.00942569]
248,HCP-D,9,8,friendship,248,-0.10497647916539776,0.49766622290812423,[-0.22457218],[0.29653146],[0.91999157],[-0.14884424],[-0.46196785]
249,HCP-D,9,8,friendship,249,-0.11833565073780906,0.44424387104618723,[-0.59745435],[-0.43430208],[0.88080331],[0.37030799],[0.1779138]
250,HCP-D,9,8,friendship,250,0.03936227182928175,0.7997417034660987,[0.46672725],[0.72312819],[-0.48726883],[-0.2592353],[-0.5301215]
251,HCP-D,9,8,friendship,251,0.1453544639975708,0.34648544946043924,[0.70035636],[0.33854476],[-0.37908217],[-0.48086253],[0.32377209]
252,HCP-D,9,8,friendship,252,-0.04285122405076484,0.782404577516165,[0.15167003],[0.49717044],[0.08398656],[-0.21635082],[0.8422691]
253,HCP-D,9,8,friendship,253,-0.18489093106965754,0.2295522160169997,[0.60647074],[0.45950815],[-0.3269948],[-0.40992536],[-0.47365576]
254,HCP-D,9,8,friendship,254,0.13679149280675085,0.37592869721170885,[-0.08910324],[0.2644989],[-0.478299],[-0.40216968],[0.76363513]
255,HCP-D,9,8,friendship,255,-0.007658297058446792,0.9606502218109275,[-0.32105424],[0.36437315],[0.5882492],[-0.61957224],[-0.52194367]
256,HCP-D,9,8,friendship,256,-0.13164354631046862,0.3943241662407826,[0.00167763],[-0.04227418],[0.46208088],[0.21010787],[1.00103805]
257,HCP-D,9,8,friendship,257,0.10998380220717441,0.4772651983568298,[0.33387569],[-0.29575724],[-0.26245259],[0.96956518],[0.07304828]
258,HCP-D,9,8,friendship,258,0.2840799770205475,0.061646013086067826,[-0.20240112],[-0.22538893],[0.4136123],[0.60850982],[0.80527955]
259,HCP-D,9,8,friendship,259,-0.19690177107575288,0.20016468657879755,[0.77595864],[0.06160946],[0.32025764],[0.33983659],[-0.44061642]
260,HCP-D,9,8,friendship,260,-0.1114290323057036,0.47146016335425955,[0.38994285],[-0.05959042],[0.05893226],[0.02501692],[0.93929836]
261,HCP-D,9,8,friendship,261,0.11620677077997686,0.45253946442569787,[0.61236244],[0.56944502],[0.26459146],[-0.06581093],[0.51917891]
262,HCP-D,9,8,friendship,262,-0.031351702680892296,0.8398961624904813,[0.56238504],[-0.52482774],[0.08371935],[0.82139598],[-0.35003838]
263,HCP-D,9,8,friendship,263,0.20796018865333177,0.17554406236177522,[0.33004311],[0.9144457],[0.09309557],[-0.41953484],[0.27927083]
264,HCP-D,9,8,friendship,264,0.06359179799216534,0.6817382548141948,[0.77437325],[-0.49924388],[-0.03302173],[0.56211279],[0.17249496]
265,HCP-D,9,8,friendship,265,0.07838723874872217,0.6130162415267582,[-0.50797118],[-0.2058093],[0.64103047],[-0.19296923],[0.55946986]
266,HCP-D,9,8,friendship,266,0.118153036830011,0.44495216411294186,[-0.33577424],[0.46668087],[0.89065928],[-0.03698018],[0.37277036]
267,HCP-D,9,8,friendship,267,-0.09148471557397728,0.554780607586015,[0.18969466],[0.86404957],[0.07172369],[-0.39493597],[-0.43354949]
268,HCP-D,9,8,friendship,268,0.1703845262971817,0.26882347603017065,[-0.27992318],[0.32880656],[0.71362123],[-0.10910439],[-0.56214448]
269,HCP-D,9,8,friendship,269,0.169687982178239,0.27081459568497623,[0.75677019],[0.22599332],[-0.57340872],[-0.43895149],[0.15299785]
270,HCP-D,9,8,friendship,270,0.05618441788609687,0.7171707228638852,[0.72772455],[-0.16949194],[0.81165713],[0.1998782],[0.24989239]
271,HCP-D,9,8,friendship,271,-0.26616798320663493,0.08074352257083706,[0.97160202],[0.14540655],[0.18423077],[0.12211805],[0.04769872]
272,HCP-D,9,8,friendship,272,-0.04071845081579117,0.7929908455891227,[0.51442213],[-0.40022404],[-0.49266408],[0.3381072],[-0.66794092]
273,HCP-D,9,8,friendship,273,0.028516377150411946,0.8542111414914703,[-0.6221378],[-0.12184165],[0.36424561],[0.66752619],[-0.46888087]
274,HCP-D,9,8,friendship,274,0.220067757578599,0.15117164456008622,[-0.71057623],[0.39743776],[0.59798364],[-0.37939188],[-0.21639617]
275,HCP-D,9,8,friendship,275,0.07413947828682155,0.6324458560328622,[0.33928396],[0.52729208],[0.74449415],[-0.42141594],[-0.33090112]
276,HCP-D,9,8,friendship,276,0.14929463716651944,0.33342691973260263,[-0.1370421],[0.69133628],[0.41972081],[-0.53548271],[-0.48756097]
277,HCP-D,9,8,friendship,277,-0.11584042113202588,0.45397547152034945,[-0.38345212],[-0.41586958],[-0.15629327],[1.02818636],[-0.31199525]
278,HCP-D,9,8,friendship,278,-0.07308333235352903,0.6373156375064367,[-0.57025214],[-0.27443863],[-0.08327241],[0.66375838],[0.65737271]
279,HCP-D,9,8,friendship,279,-0.0801978321535521,0.6048124288221051,[-0.47486576],[0.55592085],[-0.42659924],[-0.26174284],[0.55563097]
280,HCP-D,9,8,friendship,280,0.2820474990637401,0.06361203693826716,[-0.19833034],[-0.37800553],[-0.07886266],[0.12632032],[0.90034543]
281,HCP-D,9,8,friendship,281,-0.19621036340826467,0.2017808557589608,[-0.40574527],[0.56938044],[0.16003058],[-0.5444841],[0.47997831]
282,HCP-D,9,8,friendship,282,0.24057548905132053,0.11570511524434171,[0.8679146],[-0.42577303],[0.31611648],[0.11379032],[-0.02301621]
283,HCP-D,9,8,friendship,283,0.21234180716719572,0.16641769060921235,[-0.43875602],[-0.26736583],[0.77925822],[-0.37269288],[0.45687178]
284,HCP-D,9,8,friendship,284,0.061349171911031015,0.6923985710618107,[-0.37303335],[-0.54717388],[0.608197],[0.38581795],[0.74209121]
285,HCP-D,9,8,friendship,285,-0.0015538374756122967,0.9920130959746567,[-0.19790824],[-0.04189747],[-0.62703725],[0.10691986],[0.75435828]
286,HCP-D,9,8,friendship,286,0.10342299491318804,0.504085146259819,[-0.39640053],[-0.56636004],[0.28913442],[0.74224182],[-0.04844473]
287,HCP-D,9,8,friendship,287,0.1454374069464069,0.34620736855528234,[0.73775206],[-0.39318142],[0.25443591],[0.25579015],[-0.44844017]
288,HCP-D,9,8,friendship,288,0.16551287915905913,0.282953240475996,[0.75273907],[-0.31677201],[0.46532476],[0.41691568],[-0.11558084]
289,HCP-D,9,8,friendship,289,0.12143498917891635,0.43231767194166415,[-0.13714451],[0.18240656],[1.12995366],[0.14603978],[0.11990873]
290,HCP-D,9,8,friendship,290,-0.240247717708345,0.11621730842996628,[0.77877979],[0.01186493],[0.38375792],[0.06908305],[0.51954109]
291,HCP-D,9,8,friendship,291,0.11014945809715533,0.47659790389299694,[-0.54457539],[0.55020111],[0.64570686],[0.02388468],[0.38666732]
292,HCP-D,9,8,friendship,292,0.18781992916758766,0.2221272858686405,[-0.11357653],[0.40744137],[0.91157045],[0.53632069],[0.7033617]
293,HCP-D,9,8,friendship,293,0.08502409357605525,0.5831803879294996,[0.30092404],[0.70116482],[-0.62954412],[0.45074719],[-0.4217328]
294,HCP-D,9,8,friendship,294,0.15691274415579048,0.30906030485637337,[0.39755307],[0.4346944],[0.3874955],[0.61370407],[-0.47760006]
295,HCP-D,9,8,friendship,295,-0.09375170776747688,0.5449722285417143,[0.60230261],[0.85767758],[-0.10566581],[0.0266307],[0.00960897]
296,HCP-D,9,8,friendship,296,-0.00243521441635082,0.987483010122599,[-0.30039414],[0.81392055],[0.5159623],[0.2661365],[-0.04163517]
297,HCP-D,9,8,friendship,297,-0.09111738380554397,0.55637770083323,[-0.50060101],[0.03044902],[0.83516921],[0.27746504],[0.58252282]
298,HCP-D,9,8,friendship,298,0.2081142456568182,0.1752172013892696,[0.60799014],[0.18236738],[0.72174672],[0.30904293],[0.30936338]
299,HCP-D,9,8,friendship,299,-0.04943640485312742,0.7499702795828751,[-0.08708435],[0.52194043],[0.76148069],[-0.12080177],[0.61385736]
300,HCP-D,9,8,friendship,300,0.21182102060772517,0.16748404738389577,[0.25178074],[0.04489407],[0.97321168],,
301,HCP-D,9,8,friendship,301,0.1970568058954144,0.19980354559750146,[0.18587487],[-0.16769779],[0.97177843],,
302,HCP-D,9,8,friendship,302,0.15030653957729334,0.3301233389516395,[-0.44722273],[0.11285525],[0.88816175],,
303,HCP-D,9,8,friendship,303,0.1614240810559763,0.29518009381494714,[0.22570052],[-0.03977694],[0.97603554],,
304,HCP-D,9,8,friendship,304,0.07175439809046619,0.6434647067830306,[0.23448784],[-0.07188453],[0.97701027],,
305,HCP-D,9,8,friendship,305,0.08817927247449728,0.5692292290007614,[0.18758924],[-0.01375196],[0.98853963],,
306,HCP-D,9,8,friendship,306,0.12113021822856851,0.4334824403354953,[-0.20369519],[-0.22921548],[0.96885698],,
307,HCP-D,9,8,friendship,307,0.12780358613789053,0.40838111377807207,[-0.21540562],[-0.19244029],[0.9769332],,
308,HCP-D,9,8,friendship,308,0.17208986747261318,0.263989621161055,[0.07467615],[0.13986733],[0.99732079],,
309,HCP-D,9,8,friendship,309,0.1759940509054151,0.2531417558408523,[0.20165395],[0.02358445],[0.98532614],,
310,HCP-D,9,8,friendship,310,0.16316673009173172,0.2899279304392973,[-0.39938722],[-0.17223775],[0.90192228],,
311,HCP-D,9,8,friendship,311,0.06766462248274151,0.6625350363997264,[0.14775821],[-0.34003955],[0.931907],,
312,HCP-D,9,8,friendship,312,0.13710488416014227,0.37482559004877786,[0.16338047],[-0.20431584],[0.96912353],,
313,HCP-D,9,8,friendship,313,0.08374693009816571,0.5888709182451715,[-0.38743934],[-0.25935518],[0.89047732],,
314,HCP-D,9,8,friendship,314,0.25177557173404974,0.09921095049974793,[0.09509722],[0.30052658],[0.95003088],,
315,HCP-D,9,8,friendship,315,0.2245976673824332,0.14272372093425223,[0.04632619],[0.08836516],[1.00144986],,
316,HCP-D,9,8,friendship,316,0.21930347729220503,0.15263241920715145,[0.11998258],[0.02719992],[0.99627372],,
317,HCP-D,9,8,friendship,317,0.147304958590352,0.339982379190519,[-0.295552],[-0.28089939],[0.92416889],,
318,HCP-D,9,8,friendship,318,0.10292306736880949,0.5061597384565586,[-0.4334928],[-0.24648124],[0.87169008],,
319,HCP-D,9,8,friendship,319,0.13838346153628758,0.37034513919103995,[0.16614929],[-0.1058211],[0.98704675],,
320,HCP-D,9,8,friendship,320,0.18445092637494115,0.2306821430615696,[0.27467583],[0.28731958],[0.91852735],,
321,HCP-D,9,8,friendship,321,0.18000510708867065,0.24231283844855478,[0.12168571],[0.40466017],[0.9063923],,
322,HCP-D,9,8,friendship,322,-0.20259221948965522,0.1872084108988054,[0.13616083],[0.17966562],[0.97964282],,
323,HCP-D,9,8,friendship,323,0.19930288072226,0.19462287753303076,[0.24772076],[0.13471292],[0.96236043],,
324,HCP-D,9,8,friendship,324,0.17347909861168687,0.2600947572340151,[0.21431882],[-0.17040764],[0.9752224],,
325,HCP-D,9,8,friendship,325,0.06062114325727731,0.6958720391646838,[-0.08507858],[0.1281973],[0.9905337],,
326,HCP-D,9,8,friendship,326,0.3301322513063466,0.028627736814859077,[0.10825658],[0.30925712],[0.94751917],,
327,HCP-D,9,8,friendship,327,0.17403939006486968,0.2585348215655311,[-0.12559009],[0.31975596],[0.93917849],,
328,HCP-D,9,8,friendship,328,0.17033493892390333,0.2689649038495272,[0.24152209],[0.04440614],[0.98630986],,
329,HCP-D,9,8,friendship,329,0.18882409696289146,0.21962034172788147,[0.15766048],[0.0703604],[1.00522498],,
330,HCP-D,9,8,friendship,330,0.24003872887871452,0.11654478082205186,[-0.44007676],[0.45147279],[0.77633605],,
331,HCP-D,9,8,friendship,331,0.20079429345639777,0.19123578168686922,[-0.38656992],[0.35067986],[0.8546867],,
332,HCP-D,9,8,friendship,332,0.2368554497832584,0.12161953958911824,[-0.45934166],[0.25845544],[0.86115279],,
333,HCP-D,9,8,friendship,333,0.15619500650600335,0.3113063055270177,[-0.53485598],[0.26652681],[0.81456773],,
334,HCP-D,9,8,friendship,334,0.21980406646373196,0.15167447484248897,[0.16172705],[0.40008293],[0.90526142],,
335,HCP-D,9,8,friendship,335,0.17408874305065491,0.2583977155710989,[0.12093949],[-0.13539039],[0.99139277],,
336,HCP-D,9,8,friendship,336,0.17152589537174867,0.26558178472428834,[0.17075908],[0.03970428],[0.99140143],,
337,HCP-D,9,8,friendship,337,0.18908248884585013,0.21897843498190223,[0.15341024],[-0.28058692],[0.97986998],,
338,HCP-D,9,8,friendship,338,0.19676623540079596,0.2004807819651541,[0.19909119],[-0.20988222],[0.96123707],,
339,HCP-D,9,8,friendship,339,-0.05000552047466389,0.7471862070844613,[-0.26052791],[-0.13885953],[1.00258138],,
340,HCP-D,9,8,friendship,340,0.18721516508624594,0.2236465961550298,[0.17484296],[0.04671526],[0.98769473],,
341,HCP-D,9,8,friendship,341,0.21491911296244898,0.16121278394964633,[0.16648182],[-0.28467868],[0.95153219],,
342,HCP-D,9,8,friendship,342,0.31342265396366076,0.038295372346311835,[-0.31122405],[-0.39368734],[0.87267034],,
343,HCP-D,9,8,friendship,343,0.40113359666106574,0.0069634717806524755,[-0.48461977],[-0.01542123],[0.91156245],,
344,HCP-D,9,8,friendship,344,0.31861584899458223,0.03503995519585414,[0.13233903],[0.28605933],[0.96754049],,
345,HCP-D,9,8,friendship,345,0.15376605770956575,0.31898390604017657,[0.30981784],[0.12345609],[0.96299768],,
346,HCP-D,9,8,friendship,346,0.1820721144988368,0.23685685209519702,[0.08946653],[-0.04877388],[1.07319683],,
347,HCP-D,9,8,friendship,347,0.19712582212248786,0.19964292553271384,[-0.23451651],[-0.08009621],[0.97922675],,
348,HCP-D,9,8,friendship,348,0.27037125577048793,0.07589233835895198,[0.23620577],[0.00678001],[1.01469901],,
349,HCP-D,9,8,friendship,349,0.1713209279681835,0.26616200889727926,[0.13620058],[-0.14189943],[1.03211125],,
