,Dataset,Repeat,Fold,Target,Region,R,P-value,d_fa_loading,d_md_loading,d_ad_loading,d_rd_loading
0,HCP-D,1,4,picvocab,0,-0.05009550447479434,0.7409304555022863,[2369983.48554472],[3693748.69761462],[5930352.71214359],[800745.0441491]
1,HCP-D,1,4,picvocab,1,0.08695176088021023,0.5655647281432076,[-2262757.1938908],[-3708119.13598273],[-5879455.1947957],[-1187216.60843168]
2,HCP-D,1,4,picvocab,2,0.12053688912239587,0.42490651526771966,[-4127706.72564907],[-972337.85401692],[-3617316.98368267],[1692984.52791517]
3,HCP-D,1,4,picvocab,3,-0.2719762532504276,0.06747366379876762,[-8958200.70060784],[11781117.29407237],[5697014.75128389],[11206853.13990799]
4,HCP-D,1,4,picvocab,4,0.06412827918573485,0.6719993009917856,[7371693.9636112],[3743831.75451619],[9521830.69475937],[-3551745.2947131]
5,HCP-D,1,4,picvocab,5,0.26450442977918354,0.07567136809241878,[-3540.22303094],[-100287.66135387],[-97331.42359518],[-77907.73481884]
6,HCP-D,1,4,picvocab,6,-0.11208213243348103,0.45833034428546393,[1395559.08717061],[-689036.47559597],[682676.46991344],[-1676931.1175563]
7,HCP-D,1,4,picvocab,7,0.1712424392765111,0.25516675580814946,[5184909.91720197],[-4151373.90232701],[-445824.14090226],[-6000169.02227025]
8,HCP-D,1,4,picvocab,8,-0.10927740537483316,0.46972429366276525,[1544634.8015913],[4862776.5367847],[5366683.07473724],[3598711.13309378]
9,HCP-D,1,4,picvocab,9,-0.05847306168315297,0.6994966925149827,[-2139187.59785021],[-6743085.51220662],[-6926796.15420398],[-5477559.02497834]
10,HCP-D,1,4,picvocab,10,-0.009389736537300913,0.9506162049002504,[-2083337.30807775],[1518546.69586639],[-367856.48657278],[2314287.24006156]
11,HCP-D,1,4,picvocab,11,0.08396277981030978,0.5790502814348709,[-1296104.52851567],[1925033.47055162],[803462.78196955],[2139262.69418928]
12,HCP-D,1,4,picvocab,12,-0.16811896731985432,0.26406695326712876,[-838133.34785774],[-1735095.11375787],[-2228025.66190832],[-649932.50760735]
13,HCP-D,1,4,picvocab,13,-0.07992350528622028,0.5975024605313647,[-2996273.905434],[2341587.9507576],[-658111.35004268],[3319340.55957562]
14,HCP-D,1,4,picvocab,14,0.17988926416815298,0.23158732812775012,[-10969184.72654233],[6322347.38652935],[654610.47484137],[10612166.27111572]
15,HCP-D,1,4,picvocab,15,-0.016285822143319435,0.9144533627657061,[-11440857.76654744],[6932237.61607156],[1936276.63448022],[9836723.92515824]
16,HCP-D,1,4,picvocab,16,0.002200934695606959,0.9884177893266571,[4957391.90392816],[567438.00717434],[4460493.17243989],[-2001968.12780068]
17,HCP-D,1,4,picvocab,17,0.10695959662769279,0.4792530238733576,[11702236.64291384],[-5629812.29527828],[917661.09765298],[-9332642.15064761]
18,HCP-D,1,4,picvocab,18,-0.02851556640699187,0.850784455882307,[6250565.4732472],[-1782721.1931374],[2319407.58701768],[-4335676.88232293]
19,HCP-D,1,4,picvocab,19,0.10817212341287953,0.47425555346440673,[-1262769.99620273],[-1242585.70278975],[-2890036.46258327],[504277.39992725]
20,HCP-D,1,4,picvocab,20,-0.1118181652088434,0.45939626508149345,[-1045321.78752306],[1774676.70699608],[146890.50615168],[2393350.14289255]
21,HCP-D,1,4,picvocab,21,0.2053155832005582,0.1710527448675488,[1798474.69141647],[1656571.02458352],[2269777.15908258],[631979.89461659]
22,HCP-D,1,4,picvocab,22,0.09231277394901166,0.5417489896455253,[9411573.98343879],[4992672.19095107],[11865218.3214256],[-208028.60498166]
23,HCP-D,1,4,picvocab,23,-0.044535247993752906,0.768845078364425,[-1215587.94438864],[-1646162.51416831],[-1840984.39355951],[-1305170.19119736]
24,HCP-D,1,4,picvocab,24,-0.012440369639766899,0.9346023702677518,[5129904.95570453],[-4683215.44972774],[-257488.11291911],[-6466074.19127864]
25,HCP-D,1,4,picvocab,25,0.16887729613146552,0.26188737259399375,[-817842.53799909],[-6590115.2147252],[-8856575.42106241],[-3798626.8042791]
26,HCP-D,1,4,picvocab,26,0.41433375636289205,0.004200376678031147,[524862.24977177],[1601683.48501014],[2385007.22654814],[861217.7923845]
27,HCP-D,1,4,picvocab,27,0.2884507665965519,0.051886817983840296,[515361.70529126],[1544293.15094218],[2488644.17728707],[774292.79538015]
28,HCP-D,1,4,picvocab,28,0.17030721390478665,0.2578102500935235,[-6210755.00438815],[6815716.09407312],[4148197.897048],[6909286.0993767]
29,HCP-D,1,4,picvocab,29,0.2053871589527192,0.17090032911645733,[1373072.58699576],[6831973.34661624],[9849643.30854375],[3166548.95273785]
30,HCP-D,1,4,picvocab,30,0.13343859790485885,0.3766526411223675,[-219405.13788283],[-678696.44427429],[514427.34108467],[-1263719.8063758]
31,HCP-D,1,4,picvocab,31,0.07729851568134188,0.609630423861204,[6005978.64538427],[1995965.23538951],[5799339.06358767],[-914418.48387694]
32,HCP-D,1,4,picvocab,32,-0.10252467575262347,0.49776559871378256,[-2314832.93536951],[5475539.83571796],[4962510.56636237],[5171437.63993559]
33,HCP-D,1,4,picvocab,33,0.026344351588215145,0.8620313786566778,[5016624.82961419],[-11480149.68323599],[-10864406.04251347],[-10424310.35403254]
34,HCP-D,1,4,picvocab,34,-0.2190838766877114,0.14350987397356674,[-4225344.86540666],[1083700.10482582],[-1370129.72725267],[2145577.12695975]
35,HCP-D,1,4,picvocab,35,-0.02249321012929346,0.8820455546709299,[1954591.84904888],[-1142530.08406011],[308104.79939435],[-1602264.33290914]
36,HCP-D,1,4,picvocab,36,0.08556109007671762,0.5718209611154231,[-302785.39487976],[-898640.428173],[-1093654.72287919],[-607112.80810118]
37,HCP-D,1,4,picvocab,37,0.2518453968265909,0.09132932081026313,[-332685.78558294],[-625430.78117052],[-877663.76515238],[-312939.11224606]
38,HCP-D,1,4,picvocab,38,0.2704648999463034,0.06907221460880729,[4640040.43016149],[-889543.87500627],[2423912.96291812],[-3107926.88052649]
39,HCP-D,1,4,picvocab,39,-0.006870940200721556,0.9638530469731371,[-1240749.42750198],[-3711758.56717705],[-4382683.77496314],[-1584575.15753861]
40,HCP-D,1,4,picvocab,40,0.0763310645482359,0.6141267144816605,[4994010.91852224],[3003805.18126206],[7319025.88449327],[117945.12454576]
41,HCP-D,1,4,picvocab,41,-0.046023846764152616,0.76134169044694,[552842.27349716],[224475.52684397],[719493.50591326],[-72700.17036747]
42,HCP-D,1,4,picvocab,42,-0.11802001629345392,0.43470977029926083,[-1603678.89820791],[-1205470.64659833],[-2523683.15964419],[1808.83001782]
43,HCP-D,1,4,picvocab,43,0.2579470894292881,0.08349467774555971,[-91252.41811846],[-118051.54761226],[-203313.10618169],[-14639.57935616]
44,HCP-D,1,4,picvocab,44,0.08668082046650508,0.5667811185135005,[-58641.90919105],[-103093.42552239],[-161155.0961741],[-41248.62277495]
45,HCP-D,1,4,picvocab,45,0.10855143080620944,0.47269792148097456,[-1530502.35663827],[1112798.75127723],[-167983.45187007],[1558941.64418686]
46,HCP-D,1,4,picvocab,46,-0.06978463784149139,0.6449138104955995,[-129382.69051478],[-1371285.79815121],[-1590684.03519709],[-762722.05128754]
