,totalcogcomp
AD,0.025294117647058825
CARIT EC,0.058823529411764705
CARIT model-free FC,0.057352941176470586
CT,0.040882352941176474
CT Connectivity,0.028529411764705883
EMOTION EC,0.058529411764705885
EMOTION model-free FC,0.058529411764705885
FA,0.029411764705882353
GMV,0.03176470588235294
GMV Connectivity,0.027647058823529413
GUESSING EC,0.05588235294117647
GUESSING model-free FC,0.05764705882352941
MD,0.025
RD,0.02911764705882353
SA,0.03
SA Connectivity,0.03058823529411765
SC (count),0.05794117647058823
SC (length),0.026470588235294117
myelin estimate,0.052647058823529415
rest EC,0.057058823529411766
rest gradients,0.03176470588235294
rest model-free FC,0.057352941176470586
rest network statisics,0.03558823529411765
time-varying FC,0.036176470588235296
