,Accuracy type,Target var,Target,Accuracy
HCP-D_totalcogcomp_r_repeat0_fold0,r,totalcogcomp,Total cognition,0.41265572223050007
HCP-D_totalcogcomp_r_repeat0_fold1,r,totalcogcomp,Total cognition,0.42599062597525944
HCP-D_totalcogcomp_r_repeat0_fold2,r,totalcogcomp,Total cognition,0.2909914450052405
HCP-D_totalcogcomp_r_repeat0_fold3,r,totalcogcomp,Total cognition,0.49860447734158875
HCP-D_totalcogcomp_r_repeat0_fold4,r,totalcogcomp,Total cognition,0.10747602847475404
HCP-D_totalcogcomp_r_repeat0_fold5,r,totalcogcomp,Total cognition,0.5151362002467856
HCP-D_totalcogcomp_r_repeat0_fold6,r,totalcogcomp,Total cognition,0.40885060348149094
HCP-D_totalcogcomp_r_repeat0_fold7,r,totalcogcomp,Total cognition,0.053134582120858864
HCP-D_totalcogcomp_r_repeat0_fold8,r,totalcogcomp,Total cognition,0.35662139366754547
HCP-D_totalcogcomp_r_repeat0_fold9,r,totalcogcomp,Total cognition,0.4767168567423153
HCP-D_totalcogcomp_r_repeat1_fold0,r,totalcogcomp,Total cognition,0.32681748498800817
HCP-D_totalcogcomp_r_repeat1_fold1,r,totalcogcomp,Total cognition,0.17355918886111896
HCP-D_totalcogcomp_r_repeat1_fold2,r,totalcogcomp,Total cognition,0.3729876805860607
HCP-D_totalcogcomp_r_repeat1_fold3,r,totalcogcomp,Total cognition,0.24455224267525
HCP-D_totalcogcomp_r_repeat1_fold4,r,totalcogcomp,Total cognition,0.27112475202105113
HCP-D_totalcogcomp_r_repeat1_fold5,r,totalcogcomp,Total cognition,0.3999437160948316
HCP-D_totalcogcomp_r_repeat1_fold6,r,totalcogcomp,Total cognition,0.4711078068264351
HCP-D_totalcogcomp_r_repeat1_fold7,r,totalcogcomp,Total cognition,0.6459929301546072
HCP-D_totalcogcomp_r_repeat1_fold8,r,totalcogcomp,Total cognition,0.10617081362083827
HCP-D_totalcogcomp_r_repeat1_fold9,r,totalcogcomp,Total cognition,0.4888547918959664
HCP-D_totalcogcomp_r_repeat2_fold0,r,totalcogcomp,Total cognition,0.40084651848565583
HCP-D_totalcogcomp_r_repeat2_fold1,r,totalcogcomp,Total cognition,0.41997796381472413
HCP-D_totalcogcomp_r_repeat2_fold2,r,totalcogcomp,Total cognition,0.31718951972828513
HCP-D_totalcogcomp_r_repeat2_fold3,r,totalcogcomp,Total cognition,0.34605717850114326
HCP-D_totalcogcomp_r_repeat2_fold4,r,totalcogcomp,Total cognition,0.31098592647223866
HCP-D_totalcogcomp_r_repeat2_fold5,r,totalcogcomp,Total cognition,0.38256627524181464
HCP-D_totalcogcomp_r_repeat2_fold6,r,totalcogcomp,Total cognition,0.3504703190024292
HCP-D_totalcogcomp_r_repeat2_fold7,r,totalcogcomp,Total cognition,0.6723988824848003
HCP-D_totalcogcomp_r_repeat2_fold8,r,totalcogcomp,Total cognition,0.35276785039393965
HCP-D_totalcogcomp_r_repeat2_fold9,r,totalcogcomp,Total cognition,0.3140840157750713
HCP-D_totalcogcomp_r_repeat3_fold0,r,totalcogcomp,Total cognition,0.4425006156019067
HCP-D_totalcogcomp_r_repeat3_fold1,r,totalcogcomp,Total cognition,0.19629846345633437
HCP-D_totalcogcomp_r_repeat3_fold2,r,totalcogcomp,Total cognition,0.2811893900937655
HCP-D_totalcogcomp_r_repeat3_fold3,r,totalcogcomp,Total cognition,0.5245568745737771
HCP-D_totalcogcomp_r_repeat3_fold4,r,totalcogcomp,Total cognition,0.4315679202938081
HCP-D_totalcogcomp_r_repeat3_fold5,r,totalcogcomp,Total cognition,0.35629042604478284
HCP-D_totalcogcomp_r_repeat3_fold6,r,totalcogcomp,Total cognition,0.09834174989831515
HCP-D_totalcogcomp_r_repeat3_fold7,r,totalcogcomp,Total cognition,0.402007532019723
HCP-D_totalcogcomp_r_repeat3_fold8,r,totalcogcomp,Total cognition,0.32631257241955697
HCP-D_totalcogcomp_r_repeat3_fold9,r,totalcogcomp,Total cognition,0.41029996396016793
HCP-D_totalcogcomp_r_repeat4_fold0,r,totalcogcomp,Total cognition,0.34157525564856533
HCP-D_totalcogcomp_r_repeat4_fold1,r,totalcogcomp,Total cognition,0.44719555185339405
HCP-D_totalcogcomp_r_repeat4_fold2,r,totalcogcomp,Total cognition,0.5083787880482404
HCP-D_totalcogcomp_r_repeat4_fold3,r,totalcogcomp,Total cognition,0.24105208312858978
HCP-D_totalcogcomp_r_repeat4_fold4,r,totalcogcomp,Total cognition,0.43361169622740775
HCP-D_totalcogcomp_r_repeat4_fold5,r,totalcogcomp,Total cognition,0.39517055165948467
HCP-D_totalcogcomp_r_repeat4_fold6,r,totalcogcomp,Total cognition,0.3031270325998524
HCP-D_totalcogcomp_r_repeat4_fold7,r,totalcogcomp,Total cognition,0.38357758580495477
HCP-D_totalcogcomp_r_repeat4_fold8,r,totalcogcomp,Total cognition,0.3751154722355443
HCP-D_totalcogcomp_r_repeat4_fold9,r,totalcogcomp,Total cognition,0.3396779618493479
HCP-D_totalcogcomp_r_repeat5_fold0,r,totalcogcomp,Total cognition,0.3451314498701517
HCP-D_totalcogcomp_r_repeat5_fold1,r,totalcogcomp,Total cognition,0.20846662242761987
HCP-D_totalcogcomp_r_repeat5_fold2,r,totalcogcomp,Total cognition,0.21025748178739603
HCP-D_totalcogcomp_r_repeat5_fold3,r,totalcogcomp,Total cognition,0.2665180079258163
HCP-D_totalcogcomp_r_repeat5_fold4,r,totalcogcomp,Total cognition,0.44273987505689383
HCP-D_totalcogcomp_r_repeat5_fold5,r,totalcogcomp,Total cognition,0.26196772083758696
HCP-D_totalcogcomp_r_repeat5_fold6,r,totalcogcomp,Total cognition,0.09519664051143047
HCP-D_totalcogcomp_r_repeat5_fold7,r,totalcogcomp,Total cognition,0.3976614090628542
HCP-D_totalcogcomp_r_repeat5_fold8,r,totalcogcomp,Total cognition,0.23139362512041983
HCP-D_totalcogcomp_r_repeat5_fold9,r,totalcogcomp,Total cognition,0.5317624474025274
HCP-D_totalcogcomp_r_repeat6_fold0,r,totalcogcomp,Total cognition,0.5694855775235856
HCP-D_totalcogcomp_r_repeat6_fold1,r,totalcogcomp,Total cognition,0.7297726006704222
HCP-D_totalcogcomp_r_repeat6_fold2,r,totalcogcomp,Total cognition,0.50144146092864
HCP-D_totalcogcomp_r_repeat6_fold3,r,totalcogcomp,Total cognition,0.3464787197596853
HCP-D_totalcogcomp_r_repeat6_fold4,r,totalcogcomp,Total cognition,0.1924395628474432
HCP-D_totalcogcomp_r_repeat6_fold5,r,totalcogcomp,Total cognition,0.5085911476400101
HCP-D_totalcogcomp_r_repeat6_fold6,r,totalcogcomp,Total cognition,0.25054005922993156
HCP-D_totalcogcomp_r_repeat6_fold7,r,totalcogcomp,Total cognition,0.3667113095295707
HCP-D_totalcogcomp_r_repeat6_fold8,r,totalcogcomp,Total cognition,0.007012252760595173
HCP-D_totalcogcomp_r_repeat6_fold9,r,totalcogcomp,Total cognition,0.38291080017638734
HCP-D_totalcogcomp_r_repeat7_fold0,r,totalcogcomp,Total cognition,0.259489069171039
HCP-D_totalcogcomp_r_repeat7_fold1,r,totalcogcomp,Total cognition,0.383922597059711
HCP-D_totalcogcomp_r_repeat7_fold2,r,totalcogcomp,Total cognition,0.34569633612565276
HCP-D_totalcogcomp_r_repeat7_fold3,r,totalcogcomp,Total cognition,0.3873363713224791
HCP-D_totalcogcomp_r_repeat7_fold4,r,totalcogcomp,Total cognition,0.13484480877573993
HCP-D_totalcogcomp_r_repeat7_fold5,r,totalcogcomp,Total cognition,0.358884589860857
HCP-D_totalcogcomp_r_repeat7_fold6,r,totalcogcomp,Total cognition,0.42594035848003214
HCP-D_totalcogcomp_r_repeat7_fold7,r,totalcogcomp,Total cognition,0.31376170363272315
HCP-D_totalcogcomp_r_repeat7_fold8,r,totalcogcomp,Total cognition,0.3785902257344423
HCP-D_totalcogcomp_r_repeat7_fold9,r,totalcogcomp,Total cognition,0.4439425720186538
HCP-D_totalcogcomp_r_repeat8_fold0,r,totalcogcomp,Total cognition,0.37676505967074003
HCP-D_totalcogcomp_r_repeat8_fold1,r,totalcogcomp,Total cognition,0.4925842187135308
HCP-D_totalcogcomp_r_repeat8_fold2,r,totalcogcomp,Total cognition,0.4196952947442351
HCP-D_totalcogcomp_r_repeat8_fold3,r,totalcogcomp,Total cognition,0.7082206612210881
HCP-D_totalcogcomp_r_repeat8_fold4,r,totalcogcomp,Total cognition,0.5277148936164511
HCP-D_totalcogcomp_r_repeat8_fold5,r,totalcogcomp,Total cognition,0.5013888400087658
HCP-D_totalcogcomp_r_repeat8_fold6,r,totalcogcomp,Total cognition,0.5299271655092684
HCP-D_totalcogcomp_r_repeat8_fold7,r,totalcogcomp,Total cognition,0.4807026852967821
HCP-D_totalcogcomp_r_repeat8_fold8,r,totalcogcomp,Total cognition,0.2025550252665227
HCP-D_totalcogcomp_r_repeat8_fold9,r,totalcogcomp,Total cognition,0.4388946667287914
HCP-D_totalcogcomp_r_repeat9_fold0,r,totalcogcomp,Total cognition,0.18762323064376712
HCP-D_totalcogcomp_r_repeat9_fold1,r,totalcogcomp,Total cognition,0.6331605389549164
HCP-D_totalcogcomp_r_repeat9_fold2,r,totalcogcomp,Total cognition,0.2962143745498242
HCP-D_totalcogcomp_r_repeat9_fold3,r,totalcogcomp,Total cognition,0.46872733987419524
HCP-D_totalcogcomp_r_repeat9_fold4,r,totalcogcomp,Total cognition,0.35981981040873146
HCP-D_totalcogcomp_r_repeat9_fold5,r,totalcogcomp,Total cognition,0.20828918521121487
HCP-D_totalcogcomp_r_repeat9_fold6,r,totalcogcomp,Total cognition,0.45877370936258655
HCP-D_totalcogcomp_r_repeat9_fold7,r,totalcogcomp,Total cognition,0.2554681174032751
HCP-D_totalcogcomp_r_repeat9_fold8,r,totalcogcomp,Total cognition,0.3737677751459014
HCP-D_totalcogcomp_r_repeat9_fold9,r,totalcogcomp,Total cognition,0.5648702448517582
HCP-D_totalcogcomp_cod_repeat0_fold0,cod,totalcogcomp,Total cognition,0.14532996691976896
HCP-D_totalcogcomp_cod_repeat0_fold1,cod,totalcogcomp,Total cognition,0.14879828704586018
HCP-D_totalcogcomp_cod_repeat0_fold2,cod,totalcogcomp,Total cognition,0.06242719469652158
HCP-D_totalcogcomp_cod_repeat0_fold3,cod,totalcogcomp,Total cognition,0.2478875900447972
HCP-D_totalcogcomp_cod_repeat0_fold4,cod,totalcogcomp,Total cognition,-0.09093560524104372
HCP-D_totalcogcomp_cod_repeat0_fold5,cod,totalcogcomp,Total cognition,0.09951772168263662
HCP-D_totalcogcomp_cod_repeat0_fold6,cod,totalcogcomp,Total cognition,0.11405067109923317
HCP-D_totalcogcomp_cod_repeat0_fold7,cod,totalcogcomp,Total cognition,-0.3493620543151843
HCP-D_totalcogcomp_cod_repeat0_fold8,cod,totalcogcomp,Total cognition,0.10024861833101717
HCP-D_totalcogcomp_cod_repeat0_fold9,cod,totalcogcomp,Total cognition,0.16241211352164786
HCP-D_totalcogcomp_cod_repeat1_fold0,cod,totalcogcomp,Total cognition,0.12421271350378227
HCP-D_totalcogcomp_cod_repeat1_fold1,cod,totalcogcomp,Total cognition,-0.014377119833526075
HCP-D_totalcogcomp_cod_repeat1_fold2,cod,totalcogcomp,Total cognition,0.0895745093414394
HCP-D_totalcogcomp_cod_repeat1_fold3,cod,totalcogcomp,Total cognition,0.053866429403238714
HCP-D_totalcogcomp_cod_repeat1_fold4,cod,totalcogcomp,Total cognition,0.11616228448176891
HCP-D_totalcogcomp_cod_repeat1_fold5,cod,totalcogcomp,Total cognition,0.193160543230117
HCP-D_totalcogcomp_cod_repeat1_fold6,cod,totalcogcomp,Total cognition,0.16554942721378785
HCP-D_totalcogcomp_cod_repeat1_fold7,cod,totalcogcomp,Total cognition,0.3834935881187005
HCP-D_totalcogcomp_cod_repeat1_fold8,cod,totalcogcomp,Total cognition,-0.11952103542595749
HCP-D_totalcogcomp_cod_repeat1_fold9,cod,totalcogcomp,Total cognition,0.1401319569395354
HCP-D_totalcogcomp_cod_repeat2_fold0,cod,totalcogcomp,Total cognition,0.10090018569141346
HCP-D_totalcogcomp_cod_repeat2_fold1,cod,totalcogcomp,Total cognition,0.23305907652759705
HCP-D_totalcogcomp_cod_repeat2_fold2,cod,totalcogcomp,Total cognition,-0.0074346321823524075
HCP-D_totalcogcomp_cod_repeat2_fold3,cod,totalcogcomp,Total cognition,0.1774493609962906
HCP-D_totalcogcomp_cod_repeat2_fold4,cod,totalcogcomp,Total cognition,-0.1299025722645104
HCP-D_totalcogcomp_cod_repeat2_fold5,cod,totalcogcomp,Total cognition,0.24494482714530807
HCP-D_totalcogcomp_cod_repeat2_fold6,cod,totalcogcomp,Total cognition,0.10653757934629449
HCP-D_totalcogcomp_cod_repeat2_fold7,cod,totalcogcomp,Total cognition,0.42551489386906205
HCP-D_totalcogcomp_cod_repeat2_fold8,cod,totalcogcomp,Total cognition,0.08580443699989126
HCP-D_totalcogcomp_cod_repeat2_fold9,cod,totalcogcomp,Total cognition,0.17014448580452912
HCP-D_totalcogcomp_cod_repeat3_fold0,cod,totalcogcomp,Total cognition,0.1124711858297901
HCP-D_totalcogcomp_cod_repeat3_fold1,cod,totalcogcomp,Total cognition,-0.008718414714037781
HCP-D_totalcogcomp_cod_repeat3_fold2,cod,totalcogcomp,Total cognition,0.17370460915921015
HCP-D_totalcogcomp_cod_repeat3_fold3,cod,totalcogcomp,Total cognition,0.24457451029850996
HCP-D_totalcogcomp_cod_repeat3_fold4,cod,totalcogcomp,Total cognition,0.16462623283909394
HCP-D_totalcogcomp_cod_repeat3_fold5,cod,totalcogcomp,Total cognition,0.07153379870953613
HCP-D_totalcogcomp_cod_repeat3_fold6,cod,totalcogcomp,Total cognition,-0.050903441933322524
HCP-D_totalcogcomp_cod_repeat3_fold7,cod,totalcogcomp,Total cognition,0.05728241793496203
HCP-D_totalcogcomp_cod_repeat3_fold8,cod,totalcogcomp,Total cognition,0.003180038055951462
HCP-D_totalcogcomp_cod_repeat3_fold9,cod,totalcogcomp,Total cognition,0.18032198582786918
HCP-D_totalcogcomp_cod_repeat4_fold0,cod,totalcogcomp,Total cognition,-0.0833745700713775
HCP-D_totalcogcomp_cod_repeat4_fold1,cod,totalcogcomp,Total cognition,0.15075817005061776
HCP-D_totalcogcomp_cod_repeat4_fold2,cod,totalcogcomp,Total cognition,0.16333721264596224
HCP-D_totalcogcomp_cod_repeat4_fold3,cod,totalcogcomp,Total cognition,-0.030026154078723666
HCP-D_totalcogcomp_cod_repeat4_fold4,cod,totalcogcomp,Total cognition,0.14009545279555435
HCP-D_totalcogcomp_cod_repeat4_fold5,cod,totalcogcomp,Total cognition,0.07216896869247769
HCP-D_totalcogcomp_cod_repeat4_fold6,cod,totalcogcomp,Total cognition,0.07194113450311479
HCP-D_totalcogcomp_cod_repeat4_fold7,cod,totalcogcomp,Total cognition,0.049864457968278875
HCP-D_totalcogcomp_cod_repeat4_fold8,cod,totalcogcomp,Total cognition,0.17210675314135426
HCP-D_totalcogcomp_cod_repeat4_fold9,cod,totalcogcomp,Total cognition,0.10602278107438501
HCP-D_totalcogcomp_cod_repeat5_fold0,cod,totalcogcomp,Total cognition,0.13097023002374653
HCP-D_totalcogcomp_cod_repeat5_fold1,cod,totalcogcomp,Total cognition,0.032206941690320456
HCP-D_totalcogcomp_cod_repeat5_fold2,cod,totalcogcomp,Total cognition,-0.03101946477645723
HCP-D_totalcogcomp_cod_repeat5_fold3,cod,totalcogcomp,Total cognition,0.22969718815396478
HCP-D_totalcogcomp_cod_repeat5_fold4,cod,totalcogcomp,Total cognition,0.20701757123793962
HCP-D_totalcogcomp_cod_repeat5_fold5,cod,totalcogcomp,Total cognition,0.05042729145495595
HCP-D_totalcogcomp_cod_repeat5_fold6,cod,totalcogcomp,Total cognition,-0.1290795911940832
HCP-D_totalcogcomp_cod_repeat5_fold7,cod,totalcogcomp,Total cognition,0.2098391957530572
HCP-D_totalcogcomp_cod_repeat5_fold8,cod,totalcogcomp,Total cognition,0.14675281753697833
HCP-D_totalcogcomp_cod_repeat5_fold9,cod,totalcogcomp,Total cognition,0.27443749987777066
HCP-D_totalcogcomp_cod_repeat6_fold0,cod,totalcogcomp,Total cognition,0.18094232384930975
HCP-D_totalcogcomp_cod_repeat6_fold1,cod,totalcogcomp,Total cognition,0.44623008901908734
HCP-D_totalcogcomp_cod_repeat6_fold2,cod,totalcogcomp,Total cognition,0.21513143334684992
HCP-D_totalcogcomp_cod_repeat6_fold3,cod,totalcogcomp,Total cognition,0.08166847789592624
HCP-D_totalcogcomp_cod_repeat6_fold4,cod,totalcogcomp,Total cognition,-0.30540093286815306
HCP-D_totalcogcomp_cod_repeat6_fold5,cod,totalcogcomp,Total cognition,0.13920714732963335
HCP-D_totalcogcomp_cod_repeat6_fold6,cod,totalcogcomp,Total cognition,0.02470256272694682
HCP-D_totalcogcomp_cod_repeat6_fold7,cod,totalcogcomp,Total cognition,0.0782927247542794
HCP-D_totalcogcomp_cod_repeat6_fold8,cod,totalcogcomp,Total cognition,-0.10240014331224323
HCP-D_totalcogcomp_cod_repeat6_fold9,cod,totalcogcomp,Total cognition,0.008517666757526854
HCP-D_totalcogcomp_cod_repeat7_fold0,cod,totalcogcomp,Total cognition,0.06971459720038309
HCP-D_totalcogcomp_cod_repeat7_fold1,cod,totalcogcomp,Total cognition,0.09812614971003275
HCP-D_totalcogcomp_cod_repeat7_fold2,cod,totalcogcomp,Total cognition,0.19730443255622998
HCP-D_totalcogcomp_cod_repeat7_fold3,cod,totalcogcomp,Total cognition,0.07040722274040512
HCP-D_totalcogcomp_cod_repeat7_fold4,cod,totalcogcomp,Total cognition,-0.065685273629434
HCP-D_totalcogcomp_cod_repeat7_fold5,cod,totalcogcomp,Total cognition,0.16028081467161015
HCP-D_totalcogcomp_cod_repeat7_fold6,cod,totalcogcomp,Total cognition,0.1704450824433862
HCP-D_totalcogcomp_cod_repeat7_fold7,cod,totalcogcomp,Total cognition,0.0989049895943569
HCP-D_totalcogcomp_cod_repeat7_fold8,cod,totalcogcomp,Total cognition,0.14245378584288193
HCP-D_totalcogcomp_cod_repeat7_fold9,cod,totalcogcomp,Total cognition,0.2340481131481673
HCP-D_totalcogcomp_cod_repeat8_fold0,cod,totalcogcomp,Total cognition,0.05185151194653692
HCP-D_totalcogcomp_cod_repeat8_fold1,cod,totalcogcomp,Total cognition,0.20941056190596186
HCP-D_totalcogcomp_cod_repeat8_fold2,cod,totalcogcomp,Total cognition,0.18301584113743774
HCP-D_totalcogcomp_cod_repeat8_fold3,cod,totalcogcomp,Total cognition,0.16054374389460324
HCP-D_totalcogcomp_cod_repeat8_fold4,cod,totalcogcomp,Total cognition,0.11644627038742705
HCP-D_totalcogcomp_cod_repeat8_fold5,cod,totalcogcomp,Total cognition,0.1788194845134572
HCP-D_totalcogcomp_cod_repeat8_fold6,cod,totalcogcomp,Total cognition,0.18592192916431827
HCP-D_totalcogcomp_cod_repeat8_fold7,cod,totalcogcomp,Total cognition,0.1027681702513279
HCP-D_totalcogcomp_cod_repeat8_fold8,cod,totalcogcomp,Total cognition,0.04043521828224139
HCP-D_totalcogcomp_cod_repeat8_fold9,cod,totalcogcomp,Total cognition,0.1521081782630932
HCP-D_totalcogcomp_cod_repeat9_fold0,cod,totalcogcomp,Total cognition,-0.07963279319992922
HCP-D_totalcogcomp_cod_repeat9_fold1,cod,totalcogcomp,Total cognition,0.39180870911745724
HCP-D_totalcogcomp_cod_repeat9_fold2,cod,totalcogcomp,Total cognition,0.05046521982611041
HCP-D_totalcogcomp_cod_repeat9_fold3,cod,totalcogcomp,Total cognition,0.19822334459731894
HCP-D_totalcogcomp_cod_repeat9_fold4,cod,totalcogcomp,Total cognition,-0.016073927572071156
HCP-D_totalcogcomp_cod_repeat9_fold5,cod,totalcogcomp,Total cognition,-0.14855592288030017
HCP-D_totalcogcomp_cod_repeat9_fold6,cod,totalcogcomp,Total cognition,0.2148806439912887
HCP-D_totalcogcomp_cod_repeat9_fold7,cod,totalcogcomp,Total cognition,0.0312357295588237
HCP-D_totalcogcomp_cod_repeat9_fold8,cod,totalcogcomp,Total cognition,0.1115126355995727
HCP-D_totalcogcomp_cod_repeat9_fold9,cod,totalcogcomp,Total cognition,0.31512461863798746
