,Target var,Target,Domain,Accuracy type,Type,Number of features
best_top1_HCP-A_totalcogcomp_r,totalcogcomp,Total cognition,Cognition,r,best,23
best_top2_HCP-A_totalcogcomp_r,totalcogcomp,Total cognition,Cognition,r,best,24
best_top3_HCP-A_totalcogcomp_r,totalcogcomp,Total cognition,Cognition,r,best,20
nec_HCP-A_totalcogcomp_r,totalcogcomp,Total cognition,Cognition,r,necessary,5
best_top1_HCP-A_crycogcomp_r,crycogcomp,Crystallized cognition,Cognition,r,best,8
best_top2_HCP-A_crycogcomp_r,crycogcomp,Crystallized cognition,Cognition,r,best,7
best_top3_HCP-A_crycogcomp_r,crycogcomp,Crystallized cognition,Cognition,r,best,9
nec_HCP-A_crycogcomp_r,crycogcomp,Crystallized cognition,Cognition,r,necessary,5
best_top1_HCP-A_fluidcogcomp_r,fluidcogcomp,Fluid cognition,Cognition,r,best,22
best_top2_HCP-A_fluidcogcomp_r,fluidcogcomp,Fluid cognition,Cognition,r,best,23
best_top3_HCP-A_fluidcogcomp_r,fluidcogcomp,Fluid cognition,Cognition,r,best,15
nec_HCP-A_fluidcogcomp_r,fluidcogcomp,Fluid cognition,Cognition,r,necessary,5
best_top1_HCP-A_cardsort_r,cardsort,Cognitive flexibility,Cognition,r,best,24
best_top2_HCP-A_cardsort_r,cardsort,Cognitive flexibility,Cognition,r,best,23
best_top3_HCP-A_cardsort_r,cardsort,Cognitive flexibility,Cognition,r,best,19
nec_HCP-A_cardsort_r,cardsort,Cognitive flexibility,Cognition,r,necessary,9
best_top1_HCP-A_flanker_r,flanker,Inhibitory control,Cognition,r,best,18
best_top2_HCP-A_flanker_r,flanker,Inhibitory control,Cognition,r,best,22
best_top3_HCP-A_flanker_r,flanker,Inhibitory control,Cognition,r,best,21
nec_HCP-A_flanker_r,flanker,Inhibitory control,Cognition,r,necessary,10
best_top1_HCP-A_reading_r,reading,Reading,Cognition,r,best,23
best_top2_HCP-A_reading_r,reading,Reading,Cognition,r,best,24
best_top3_HCP-A_reading_r,reading,Reading,Cognition,r,best,18
nec_HCP-A_reading_r,reading,Reading,Cognition,r,necessary,6
best_top1_HCP-A_picvocab_r,picvocab,Picture vocabulary,Cognition,r,best,24
best_top2_HCP-A_picvocab_r,picvocab,Picture vocabulary,Cognition,r,best,8
best_top3_HCP-A_picvocab_r,picvocab,Picture vocabulary,Cognition,r,best,21
nec_HCP-A_picvocab_r,picvocab,Picture vocabulary,Cognition,r,necessary,6
best_top1_HCP-A_procspeed_r,procspeed,Processing speed,Cognition,r,best,24
best_top2_HCP-A_procspeed_r,procspeed,Processing speed,Cognition,r,best,23
best_top3_HCP-A_procspeed_r,procspeed,Processing speed,Cognition,r,best,18
nec_HCP-A_procspeed_r,procspeed,Processing speed,Cognition,r,necessary,16
best_top1_HCP-A_listsort_r,listsort,Working memory,Cognition,r,best,21
best_top2_HCP-A_listsort_r,listsort,Working memory,Cognition,r,best,22
best_top3_HCP-A_listsort_r,listsort,Working memory,Cognition,r,best,24
nec_HCP-A_listsort_r,listsort,Working memory,Cognition,r,necessary,18
best_top1_HCP-A_anger_r,anger,Anger affect,Mental health,r,best,1
best_top2_HCP-A_anger_r,anger,Anger affect,Mental health,r,best,22
best_top3_HCP-A_anger_r,anger,Anger affect,Mental health,r,best,21
nec_HCP-A_anger_r,anger,Anger affect,Mental health,r,necessary,1
best_top1_HCP-A_fear_r,fear,Fear affect,Mental health,r,best,1
best_top2_HCP-A_fear_r,fear,Fear affect,Mental health,r,best,23
best_top3_HCP-A_fear_r,fear,Fear affect,Mental health,r,best,9
nec_HCP-A_fear_r,fear,Fear affect,Mental health,r,necessary,1
best_top1_HCP-A_sadness_r,sadness,Sadness,Mental health,r,best,2
best_top2_HCP-A_sadness_r,sadness,Sadness,Mental health,r,best,3
best_top3_HCP-A_sadness_r,sadness,Sadness,Mental health,r,best,1
nec_HCP-A_sadness_r,sadness,Sadness,Mental health,r,necessary,2
best_top1_HCP-A_posaffect_r,posaffect,Positive affect,Mental health,r,best,17
best_top2_HCP-A_posaffect_r,posaffect,Positive affect,Mental health,r,best,19
best_top3_HCP-A_posaffect_r,posaffect,Positive affect,Mental health,r,best,7
nec_HCP-A_posaffect_r,posaffect,Positive affect,Mental health,r,necessary,17
best_top1_HCP-A_emotsupp_r,emotsupp,Emotional Support,Mental health,r,best,16
best_top2_HCP-A_emotsupp_r,emotsupp,Emotional Support,Mental health,r,best,15
best_top3_HCP-A_emotsupp_r,emotsupp,Emotional Support,Mental health,r,best,23
nec_HCP-A_emotsupp_r,emotsupp,Emotional Support,Mental health,r,necessary,16
best_top1_HCP-A_friendship_r,friendship,Friendship,Mental health,r,best,17
best_top2_HCP-A_friendship_r,friendship,Friendship,Mental health,r,best,23
best_top3_HCP-A_friendship_r,friendship,Friendship,Mental health,r,best,15
nec_HCP-A_friendship_r,friendship,Friendship,Mental health,r,necessary,17
best_top1_HCP-A_loneliness_r,loneliness,Loneliness,Mental health,r,best,4
best_top2_HCP-A_loneliness_r,loneliness,Loneliness,Mental health,r,best,2
best_top3_HCP-A_loneliness_r,loneliness,Loneliness,Mental health,r,best,1
nec_HCP-A_loneliness_r,loneliness,Loneliness,Mental health,r,necessary,4
best_top1_HCP-A_neoffi_n_r,neoffi_n,Neuroticism (NEO),Personality,r,best,1
best_top2_HCP-A_neoffi_n_r,neoffi_n,Neuroticism (NEO),Personality,r,best,19
best_top3_HCP-A_neoffi_n_r,neoffi_n,Neuroticism (NEO),Personality,r,best,23
nec_HCP-A_neoffi_n_r,neoffi_n,Neuroticism (NEO),Personality,r,necessary,1
best_top1_HCP-A_neoffi_e_r,neoffi_e,Extraversion (NEO),Personality,r,best,1
best_top2_HCP-A_neoffi_e_r,neoffi_e,Extraversion (NEO),Personality,r,best,21
best_top3_HCP-A_neoffi_e_r,neoffi_e,Extraversion (NEO),Personality,r,best,9
nec_HCP-A_neoffi_e_r,neoffi_e,Extraversion (NEO),Personality,r,necessary,1
best_top1_HCP-A_neoffi_o_r,neoffi_o,Openness (NEO),Personality,r,best,1
best_top2_HCP-A_neoffi_o_r,neoffi_o,Openness (NEO),Personality,r,best,23
best_top3_HCP-A_neoffi_o_r,neoffi_o,Openness (NEO),Personality,r,best,24
nec_HCP-A_neoffi_o_r,neoffi_o,Openness (NEO),Personality,r,necessary,1
best_top1_HCP-A_neoffi_a_r,neoffi_a,Agreeableness (NEO),Personality,r,best,17
best_top2_HCP-A_neoffi_a_r,neoffi_a,Agreeableness (NEO),Personality,r,best,14
best_top3_HCP-A_neoffi_a_r,neoffi_a,Agreeableness (NEO),Personality,r,best,19
nec_HCP-A_neoffi_a_r,neoffi_a,Agreeableness (NEO),Personality,r,necessary,9
best_top1_HCP-A_neoffi_c_r,neoffi_c,Conscientiousness (NEO),Personality,r,best,19
best_top2_HCP-A_neoffi_c_r,neoffi_c,Conscientiousness (NEO),Personality,r,best,1
best_top3_HCP-A_neoffi_c_r,neoffi_c,Conscientiousness (NEO),Personality,r,best,20
nec_HCP-A_neoffi_c_r,neoffi_c,Conscientiousness (NEO),Personality,r,necessary,19
best_top1_HCP-A_totalcogcomp_cod,totalcogcomp,Total cognition,Cognition,cod,best,23
best_top2_HCP-A_totalcogcomp_cod,totalcogcomp,Total cognition,Cognition,cod,best,24
best_top3_HCP-A_totalcogcomp_cod,totalcogcomp,Total cognition,Cognition,cod,best,20
nec_HCP-A_totalcogcomp_cod,totalcogcomp,Total cognition,Cognition,cod,necessary,10
best_top1_HCP-A_crycogcomp_cod,crycogcomp,Crystallized cognition,Cognition,cod,best,8
best_top2_HCP-A_crycogcomp_cod,crycogcomp,Crystallized cognition,Cognition,cod,best,9
best_top3_HCP-A_crycogcomp_cod,crycogcomp,Crystallized cognition,Cognition,cod,best,7
nec_HCP-A_crycogcomp_cod,crycogcomp,Crystallized cognition,Cognition,cod,necessary,7
best_top1_HCP-A_fluidcogcomp_cod,fluidcogcomp,Fluid cognition,Cognition,cod,best,23
best_top2_HCP-A_fluidcogcomp_cod,fluidcogcomp,Fluid cognition,Cognition,cod,best,15
best_top3_HCP-A_fluidcogcomp_cod,fluidcogcomp,Fluid cognition,Cognition,cod,best,22
nec_HCP-A_fluidcogcomp_cod,fluidcogcomp,Fluid cognition,Cognition,cod,necessary,13
best_top1_HCP-A_cardsort_cod,cardsort,Cognitive flexibility,Cognition,cod,best,24
best_top2_HCP-A_cardsort_cod,cardsort,Cognitive flexibility,Cognition,cod,best,22
best_top3_HCP-A_cardsort_cod,cardsort,Cognitive flexibility,Cognition,cod,best,23
nec_HCP-A_cardsort_cod,cardsort,Cognitive flexibility,Cognition,cod,necessary,20
best_top1_HCP-A_flanker_cod,flanker,Inhibitory control,Cognition,cod,best,1
best_top2_HCP-A_flanker_cod,flanker,Inhibitory control,Cognition,cod,best,24
best_top3_HCP-A_flanker_cod,flanker,Inhibitory control,Cognition,cod,best,21
nec_HCP-A_flanker_cod,flanker,Inhibitory control,Cognition,cod,necessary,1
best_top1_HCP-A_reading_cod,reading,Reading,Cognition,cod,best,23
best_top2_HCP-A_reading_cod,reading,Reading,Cognition,cod,best,24
best_top3_HCP-A_reading_cod,reading,Reading,Cognition,cod,best,22
nec_HCP-A_reading_cod,reading,Reading,Cognition,cod,necessary,17
best_top1_HCP-A_picvocab_cod,picvocab,Picture vocabulary,Cognition,cod,best,24
best_top2_HCP-A_picvocab_cod,picvocab,Picture vocabulary,Cognition,cod,best,21
best_top3_HCP-A_picvocab_cod,picvocab,Picture vocabulary,Cognition,cod,best,23
nec_HCP-A_picvocab_cod,picvocab,Picture vocabulary,Cognition,cod,necessary,14
best_top1_HCP-A_procspeed_cod,procspeed,Processing speed,Cognition,cod,best,1
best_top2_HCP-A_procspeed_cod,procspeed,Processing speed,Cognition,cod,best,24
best_top3_HCP-A_procspeed_cod,procspeed,Processing speed,Cognition,cod,best,23
nec_HCP-A_procspeed_cod,procspeed,Processing speed,Cognition,cod,necessary,1
best_top1_HCP-A_listsort_cod,listsort,Working memory,Cognition,cod,best,1
best_top2_HCP-A_listsort_cod,listsort,Working memory,Cognition,cod,best,24
best_top3_HCP-A_listsort_cod,listsort,Working memory,Cognition,cod,best,22
nec_HCP-A_listsort_cod,listsort,Working memory,Cognition,cod,necessary,1
best_top1_HCP-A_anger_cod,anger,Anger affect,Mental health,cod,best,1
best_top2_HCP-A_anger_cod,anger,Anger affect,Mental health,cod,best,22
best_top3_HCP-A_anger_cod,anger,Anger affect,Mental health,cod,best,24
nec_HCP-A_anger_cod,anger,Anger affect,Mental health,cod,necessary,1
best_top1_HCP-A_fear_cod,fear,Fear affect,Mental health,cod,best,1
best_top2_HCP-A_fear_cod,fear,Fear affect,Mental health,cod,best,22
best_top3_HCP-A_fear_cod,fear,Fear affect,Mental health,cod,best,23
nec_HCP-A_fear_cod,fear,Fear affect,Mental health,cod,necessary,1
best_top1_HCP-A_sadness_cod,sadness,Sadness,Mental health,cod,best,1
best_top2_HCP-A_sadness_cod,sadness,Sadness,Mental health,cod,best,24
best_top3_HCP-A_sadness_cod,sadness,Sadness,Mental health,cod,best,22
nec_HCP-A_sadness_cod,sadness,Sadness,Mental health,cod,necessary,1
best_top1_HCP-A_posaffect_cod,posaffect,Positive affect,Mental health,cod,best,1
best_top2_HCP-A_posaffect_cod,posaffect,Positive affect,Mental health,cod,best,24
best_top3_HCP-A_posaffect_cod,posaffect,Positive affect,Mental health,cod,best,23
nec_HCP-A_posaffect_cod,posaffect,Positive affect,Mental health,cod,necessary,1
best_top1_HCP-A_emotsupp_cod,emotsupp,Emotional Support,Mental health,cod,best,1
best_top2_HCP-A_emotsupp_cod,emotsupp,Emotional Support,Mental health,cod,best,23
best_top3_HCP-A_emotsupp_cod,emotsupp,Emotional Support,Mental health,cod,best,22
nec_HCP-A_emotsupp_cod,emotsupp,Emotional Support,Mental health,cod,necessary,1
best_top1_HCP-A_friendship_cod,friendship,Friendship,Mental health,cod,best,1
best_top2_HCP-A_friendship_cod,friendship,Friendship,Mental health,cod,best,23
best_top3_HCP-A_friendship_cod,friendship,Friendship,Mental health,cod,best,24
nec_HCP-A_friendship_cod,friendship,Friendship,Mental health,cod,necessary,1
best_top1_HCP-A_loneliness_cod,loneliness,Loneliness,Mental health,cod,best,1
best_top2_HCP-A_loneliness_cod,loneliness,Loneliness,Mental health,cod,best,24
best_top3_HCP-A_loneliness_cod,loneliness,Loneliness,Mental health,cod,best,22
nec_HCP-A_loneliness_cod,loneliness,Loneliness,Mental health,cod,necessary,1
best_top1_HCP-A_neoffi_n_cod,neoffi_n,Neuroticism (NEO),Personality,cod,best,1
best_top2_HCP-A_neoffi_n_cod,neoffi_n,Neuroticism (NEO),Personality,cod,best,23
best_top3_HCP-A_neoffi_n_cod,neoffi_n,Neuroticism (NEO),Personality,cod,best,24
nec_HCP-A_neoffi_n_cod,neoffi_n,Neuroticism (NEO),Personality,cod,necessary,1
best_top1_HCP-A_neoffi_e_cod,neoffi_e,Extraversion (NEO),Personality,cod,best,1
best_top2_HCP-A_neoffi_e_cod,neoffi_e,Extraversion (NEO),Personality,cod,best,22
best_top3_HCP-A_neoffi_e_cod,neoffi_e,Extraversion (NEO),Personality,cod,best,21
nec_HCP-A_neoffi_e_cod,neoffi_e,Extraversion (NEO),Personality,cod,necessary,1
best_top1_HCP-A_neoffi_o_cod,neoffi_o,Openness (NEO),Personality,cod,best,1
best_top2_HCP-A_neoffi_o_cod,neoffi_o,Openness (NEO),Personality,cod,best,23
best_top3_HCP-A_neoffi_o_cod,neoffi_o,Openness (NEO),Personality,cod,best,24
nec_HCP-A_neoffi_o_cod,neoffi_o,Openness (NEO),Personality,cod,necessary,1
best_top1_HCP-A_neoffi_a_cod,neoffi_a,Agreeableness (NEO),Personality,cod,best,1
best_top2_HCP-A_neoffi_a_cod,neoffi_a,Agreeableness (NEO),Personality,cod,best,24
best_top3_HCP-A_neoffi_a_cod,neoffi_a,Agreeableness (NEO),Personality,cod,best,22
nec_HCP-A_neoffi_a_cod,neoffi_a,Agreeableness (NEO),Personality,cod,necessary,1
best_top1_HCP-A_neoffi_c_cod,neoffi_c,Conscientiousness (NEO),Personality,cod,best,1
best_top2_HCP-A_neoffi_c_cod,neoffi_c,Conscientiousness (NEO),Personality,cod,best,17
best_top3_HCP-A_neoffi_c_cod,neoffi_c,Conscientiousness (NEO),Personality,cod,best,18
nec_HCP-A_neoffi_c_cod,neoffi_c,Conscientiousness (NEO),Personality,cod,necessary,1
